id,post_url,downloaded,local_screenshot,local_json,ingested,csv_inserted_date
09309f8b7c7a555f7f814486f9e87843,https://www.reddit.com/r/CombatFootage/comments/1d6ku6p/battle_in_the_pokrovsky_direction_through_the/,0,,,0,2024-06-02T19:13:22.100873Z
95a0f7415d11e0f74d4ebd93cbf75f93,https://www.reddit.com/r/CombatFootage/comments/1d6jvn3/soldiers_of_the_3rd_assault_brigade_come_under/,0,,,0,2024-06-02T19:13:22.113137Z
c6e502d0e3489e14529826a7516388f9,https://www.reddit.com/r/CombatFootage/comments/1d6jlij/ukranian_civillian_films_a_russian_odab1500/,0,,,0,2024-06-02T19:13:22.123919Z
09309f8b7c7a555f7f814486f9e87843,https://www.reddit.com/r/CombatFootage/comments/1d6ku6p/battle_in_the_pokrovsky_direction_through_the/,0,,,0,2024-06-02T19:13:32.165205Z
95a0f7415d11e0f74d4ebd93cbf75f93,https://www.reddit.com/r/CombatFootage/comments/1d6jvn3/soldiers_of_the_3rd_assault_brigade_come_under/,0,,,0,2024-06-02T19:13:32.177929Z
c6e502d0e3489e14529826a7516388f9,https://www.reddit.com/r/CombatFootage/comments/1d6jlij/ukranian_civillian_films_a_russian_odab1500/,0,,,0,2024-06-02T19:13:32.188843Z
2f88c38cadea817e3f2b1204d38d5232,https://www.reddit.com/r/CombatFootage/comments/1d6jkd2/iron_dome_intercepts_an_iranian_drone/,0,,,0,2024-06-02T19:13:32.200283Z
32e6dddddceebfc20074c883eacb1491,https://www.reddit.com/r/CombatFootage/comments/1d6iyps/russian_mechanized_assault_on_staritsa_settlement/,0,,,0,2024-06-02T19:13:32.209402Z
9d6ffa63162456de2ccb1c4baa07f677,https://www.reddit.com/r/CombatFootage/comments/1d6ig85/russian_soldier_attempting_to_disarm_stuck_fpv/,0,,,0,2024-06-02T19:13:32.218322Z
1b458eb2e0be8b9beb9e10bd6e95ed11,https://www.reddit.com/r/CombatFootage/comments/1d6ialr/tractor_of_the_afu_is_destroyed_by_an_fpv_drone/,0,,,0,2024-06-02T19:13:32.226608Z
57c560a0a55f5dcfd978052496459fc5,https://www.reddit.com/r/CombatFootage/comments/1d6i97t/full_video_of_the_maxxpro_conducting_a_casevac_of/,0,,,0,2024-06-02T19:13:32.238288Z
fd2d3b5f9e843a9485190cce14750839,https://www.reddit.com/r/CombatFootage/comments/1d6ht45/aerobomber_buar_110th_ombr_destroys_russians_in/,0,,,0,2024-06-02T19:13:32.247738Z
58cd6b9055ec2971d1c893ac077c6bb0,https://www.reddit.com/r/CombatFootage/comments/1d6hkbc/russian_t90m_firing_at_ukranian_positions_on_the/,0,,,0,2024-06-02T19:13:32.255457Z
461bd0c105322dbab163dca3b2d7bfa0,https://www.reddit.com/r/CombatFootage/comments/1d6ha0q/azov_drone_strike_compilation_from_the_end_of_may/,0,,,0,2024-06-02T19:13:32.264940Z
838c3aa63b876a317a3f6cb1bdb42e8b,https://www.reddit.com/r/CombatFootage/comments/1d6h5cj/russian_hiding_under_tank_gets_hit_with_fpv_comes/,0,,,0,2024-06-02T19:13:32.272585Z
30816ecd09c4a3685d00d2bcdf05f4ec,https://www.reddit.com/r/CombatFootage/comments/1d6h1s5/russian_triggers_a_mine_next_to_a_destroyed_tank/,0,,,0,2024-06-02T19:13:32.281688Z
1244a4551ce27b51e653223915ccbd80,https://www.reddit.com/r/CombatFootage/comments/1d6gynh/russian_assault_repelled_near_ugledar/,0,,,0,2024-06-02T19:13:32.289197Z
a0f18326a34fb7f22eed430d1d731d30,https://www.reddit.com/r/CombatFootage/comments/1d6gato/looking_for_combined_infantry_and_drone_use/,0,,,0,2024-06-02T19:13:32.299594Z
7a8ed0b77d7f8a6974cacb6521845a2b,https://www.reddit.com/r/CombatFootage/comments/1d6g6c6/m777_155mm_towed_howitzer_crew_operating_against/,0,,,0,2024-06-02T19:13:32.307520Z
4939fe3958bc9c40457a0123a4853078,https://www.reddit.com/r/CombatFootage/comments/1d6fyry/a_large_group_of_liwa_altawhid_fighters_suppress/,0,,,0,2024-06-02T19:13:32.316864Z
42eb01c194a6a4093aeba3a525805692,https://www.reddit.com/r/CombatFootage/comments/1d6f9br/88mm_flak_guns_firing_timed_air_bursts_at_ground/,0,,,0,2024-06-02T19:13:32.325719Z
cb7185bd1f2b19acf369e3fe7fbe354a,https://www.reddit.com/r/CombatFootage/comments/1d6eror/russian_soldiers_gopro_films_one_of_his_comrades/,0,,,0,2024-06-02T19:13:32.336552Z
bf73625e4b19f45db91ba30401f76fac,https://www.reddit.com/r/CombatFootage/comments/1d6ds99/karenni_nationalities_defense_force_b04_attack/,0,,,0,2024-06-02T19:13:32.345777Z
91acd1756583958cb1f3766ffec97b41,https://www.reddit.com/r/CombatFootage/comments/1d6dri7/soldiers_of_the_afu_are_targeted_by_grenades/,0,,,0,2024-06-02T19:13:32.353042Z
8d88474e2ca2d3d2fa709869f441c92c,https://www.reddit.com/r/CombatFootage/comments/1d6d06h/ngu_soldiers_repel_russian_assault_on_their/,0,,,0,2024-06-02T19:13:32.362025Z
001fb908c6e3fe7b752511202eeeb953,https://www.reddit.com/r/CombatFootage/comments/1d6cjgj/ukrainian_fpv_drone_attacks_on_russian_vehicles/,0,,,0,2024-06-02T19:13:32.370228Z
1179a1f575742f79ba7aa7c7534c179a,https://www.reddit.com/r/CombatFootage/comments/1d6bzxv/a_saudi_pilot_destroys_a_truck_transporting_a/,0,,,0,2024-06-02T19:13:32.378311Z
5af4ab9395e4ac3f5a3db02e07eec71b,https://www.reddit.com/r/CombatFootage/comments/1d6b898/bmp_carrying_russian_soldiers_on_top_gets_hit/,0,,,0,2024-06-02T19:13:32.386851Z
39d03bbd27033f897acef9fc1df71eca,https://www.reddit.com/r/CombatFootage/comments/1d6b0s2/a_russian_t72b_tries_go_around_two_destroyed/,0,,,0,2024-06-02T19:13:32.395491Z
92cbd8ccc62577c85bd78e98c75a57e1,https://www.reddit.com/r/CombatFootage/comments/1d69n4x/hothi_soldier_get_a_direct_hits_by_saudi_25mm/,0,,,0,2024-06-02T19:13:32.405649Z
c3749ea8d33d56b1cae3c979b86da019,https://www.reddit.com/r/CombatFootage/comments/1d69h1o/russian_soldier_flushed_out_of_entrenched/,0,,,0,2024-06-02T19:13:32.415297Z
09309f8b7c7a555f7f814486f9e87843,https://www.reddit.com/r/CombatFootage/comments/1d6ku6p/battle_in_the_pokrovsky_direction_through_the/,0,,,0,2024-06-02T19:13:42.458255Z
95a0f7415d11e0f74d4ebd93cbf75f93,https://www.reddit.com/r/CombatFootage/comments/1d6jvn3/soldiers_of_the_3rd_assault_brigade_come_under/,0,,,0,2024-06-02T19:13:42.471332Z
c6e502d0e3489e14529826a7516388f9,https://www.reddit.com/r/CombatFootage/comments/1d6jlij/ukranian_civillian_films_a_russian_odab1500/,0,,,0,2024-06-02T19:13:42.483143Z
2f88c38cadea817e3f2b1204d38d5232,https://www.reddit.com/r/CombatFootage/comments/1d6jkd2/iron_dome_intercepts_an_iranian_drone/,0,,,0,2024-06-02T19:13:42.491464Z
32e6dddddceebfc20074c883eacb1491,https://www.reddit.com/r/CombatFootage/comments/1d6iyps/russian_mechanized_assault_on_staritsa_settlement/,0,,,0,2024-06-02T19:13:42.502368Z
9d6ffa63162456de2ccb1c4baa07f677,https://www.reddit.com/r/CombatFootage/comments/1d6ig85/russian_soldier_attempting_to_disarm_stuck_fpv/,0,,,0,2024-06-02T19:13:42.510638Z
1b458eb2e0be8b9beb9e10bd6e95ed11,https://www.reddit.com/r/CombatFootage/comments/1d6ialr/tractor_of_the_afu_is_destroyed_by_an_fpv_drone/,0,,,0,2024-06-02T19:13:42.519934Z
57c560a0a55f5dcfd978052496459fc5,https://www.reddit.com/r/CombatFootage/comments/1d6i97t/full_video_of_the_maxxpro_conducting_a_casevac_of/,0,,,0,2024-06-02T19:13:42.527743Z
fd2d3b5f9e843a9485190cce14750839,https://www.reddit.com/r/CombatFootage/comments/1d6ht45/aerobomber_buar_110th_ombr_destroys_russians_in/,0,,,0,2024-06-02T19:13:42.536433Z
58cd6b9055ec2971d1c893ac077c6bb0,https://www.reddit.com/r/CombatFootage/comments/1d6hkbc/russian_t90m_firing_at_ukranian_positions_on_the/,0,,,0,2024-06-02T19:13:42.543736Z
461bd0c105322dbab163dca3b2d7bfa0,https://www.reddit.com/r/CombatFootage/comments/1d6ha0q/azov_drone_strike_compilation_from_the_end_of_may/,0,,,0,2024-06-02T19:13:42.553114Z
838c3aa63b876a317a3f6cb1bdb42e8b,https://www.reddit.com/r/CombatFootage/comments/1d6h5cj/russian_hiding_under_tank_gets_hit_with_fpv_comes/,0,,,0,2024-06-02T19:13:42.560505Z
30816ecd09c4a3685d00d2bcdf05f4ec,https://www.reddit.com/r/CombatFootage/comments/1d6h1s5/russian_triggers_a_mine_next_to_a_destroyed_tank/,0,,,0,2024-06-02T19:13:42.570190Z
1244a4551ce27b51e653223915ccbd80,https://www.reddit.com/r/CombatFootage/comments/1d6gynh/russian_assault_repelled_near_ugledar/,0,,,0,2024-06-02T19:13:42.578752Z
a0f18326a34fb7f22eed430d1d731d30,https://www.reddit.com/r/CombatFootage/comments/1d6gato/looking_for_combined_infantry_and_drone_use/,0,,,0,2024-06-02T19:13:42.587534Z
7a8ed0b77d7f8a6974cacb6521845a2b,https://www.reddit.com/r/CombatFootage/comments/1d6g6c6/m777_155mm_towed_howitzer_crew_operating_against/,0,,,0,2024-06-02T19:13:42.596728Z
4939fe3958bc9c40457a0123a4853078,https://www.reddit.com/r/CombatFootage/comments/1d6fyry/a_large_group_of_liwa_altawhid_fighters_suppress/,0,,,0,2024-06-02T19:13:42.605271Z
42eb01c194a6a4093aeba3a525805692,https://www.reddit.com/r/CombatFootage/comments/1d6f9br/88mm_flak_guns_firing_timed_air_bursts_at_ground/,0,,,0,2024-06-02T19:13:42.615839Z
cb7185bd1f2b19acf369e3fe7fbe354a,https://www.reddit.com/r/CombatFootage/comments/1d6eror/russian_soldiers_gopro_films_one_of_his_comrades/,0,,,0,2024-06-02T19:13:42.623061Z
bf73625e4b19f45db91ba30401f76fac,https://www.reddit.com/r/CombatFootage/comments/1d6ds99/karenni_nationalities_defense_force_b04_attack/,0,,,0,2024-06-02T19:13:42.635736Z
91acd1756583958cb1f3766ffec97b41,https://www.reddit.com/r/CombatFootage/comments/1d6dri7/soldiers_of_the_afu_are_targeted_by_grenades/,0,,,0,2024-06-02T19:13:42.646978Z
8d88474e2ca2d3d2fa709869f441c92c,https://www.reddit.com/r/CombatFootage/comments/1d6d06h/ngu_soldiers_repel_russian_assault_on_their/,0,,,0,2024-06-02T19:13:42.670022Z
001fb908c6e3fe7b752511202eeeb953,https://www.reddit.com/r/CombatFootage/comments/1d6cjgj/ukrainian_fpv_drone_attacks_on_russian_vehicles/,0,,,0,2024-06-02T19:13:42.705674Z
1179a1f575742f79ba7aa7c7534c179a,https://www.reddit.com/r/CombatFootage/comments/1d6bzxv/a_saudi_pilot_destroys_a_truck_transporting_a/,0,,,0,2024-06-02T19:13:42.718058Z
5af4ab9395e4ac3f5a3db02e07eec71b,https://www.reddit.com/r/CombatFootage/comments/1d6b898/bmp_carrying_russian_soldiers_on_top_gets_hit/,0,,,0,2024-06-02T19:13:42.727539Z
39d03bbd27033f897acef9fc1df71eca,https://www.reddit.com/r/CombatFootage/comments/1d6b0s2/a_russian_t72b_tries_go_around_two_destroyed/,0,,,0,2024-06-02T19:13:42.740168Z
92cbd8ccc62577c85bd78e98c75a57e1,https://www.reddit.com/r/CombatFootage/comments/1d69n4x/hothi_soldier_get_a_direct_hits_by_saudi_25mm/,0,,,0,2024-06-02T19:13:42.753880Z
c3749ea8d33d56b1cae3c979b86da019,https://www.reddit.com/r/CombatFootage/comments/1d69h1o/russian_soldier_flushed_out_of_entrenched/,0,,,0,2024-06-02T19:13:42.765909Z
8c9959c09b46ebb6ca4bd838f4404f2d,https://www.reddit.com/r/CombatFootage/comments/1d694er/rare_algerian_civil_war_footage_of_jihadist/,0,,,0,2024-06-02T19:13:42.778972Z
310641c99493c3aa6e631a237e3cfaf9,https://www.reddit.com/r/CombatFootage/comments/1d68asc/ukrainian_m2a2_bradley_shoots_at_two_russian/,0,,,0,2024-06-02T19:13:42.790356Z
1ce83e102f0347eecd0655409bc18458,https://www.reddit.com/r/CombatFootage/comments/1d67g2i/video_of_houthi_soldiers_conflicting_before_they/,0,,,0,2024-06-02T19:13:42.803508Z
c2952fc024cd4cab3dce328f697dc485,https://www.reddit.com/r/CombatFootage/comments/1d67g1x/4th_video_of_an_fpv_drone_hitting_a_russian_uav/,0,,,0,2024-06-02T19:13:42.817048Z
1bcdfe7eec3d5496fae824afbd57507e,https://www.reddit.com/r/CombatFootage/comments/1d673da/colombian_helicopter_firing_against_farc/,0,,,0,2024-06-02T19:13:42.828527Z
5ec124a52d3439b15e0e9c3c8f45cfaf,https://www.reddit.com/r/CombatFootage/comments/1d61av7/m1_abrams_filmed_taking_out_isis_suicide_vehicle/,0,,,0,2024-06-02T19:13:42.840911Z
75b05013cdc47c41d6c2e3ab3569cabd,https://www.reddit.com/r/CombatFootage/comments/1d618ut/the_moment_the_rocket_hits_the_cyclone_ship_in/,0,,,0,2024-06-02T19:13:42.852555Z
f0edc1db1d27f6d0e31f8d8ab095530e,https://www.reddit.com/r/CombatFootage/comments/1d6050v/hezbollah_shot_an_elbit_hermes_900_uav_belonging/,0,,,0,2024-06-02T19:13:42.862843Z
e6685c2784645655acdb988d0597e0ad,https://www.reddit.com/r/CombatFootage/comments/1d5wkig/hothi_soldier_gets_direct_hit_from_saudi_tow/,0,,,0,2024-06-02T19:13:42.874637Z
45d006434945c4b4d84545753d9a0c37,https://www.reddit.com/r/CombatFootage/comments/1d5u3mr/birds_of_magyar_drone_strikes_on_various_russian/,0,,,0,2024-06-02T19:13:42.884610Z
f0b9180e038f3a026b2978dbc3fa0768,https://www.reddit.com/r/CombatFootage/comments/1d5tfcl/fpv_hits_a_russian_soldier_throw_a_small_window/,0,,,0,2024-06-02T19:13:42.891180Z
11a81a4b7c4dfc3a68fc079c4d4b7987,https://www.reddit.com/r/CombatFootage/comments/1d5sq4o/khorne_group_soldier_operating_the_9k111_fagot/,0,,,0,2024-06-02T19:13:42.901234Z
7fce02586ee59233dcb713df1e789cea,https://www.reddit.com/r/CombatFootage/comments/1d5sn9h/lancet_hits_a_truck_carrying_ammunition_and/,0,,,0,2024-06-02T19:13:42.907814Z
afe8984f58b769a926a00288b73ba2a2,https://www.reddit.com/r/CombatFootage/comments/1d5sbid/direct_hit_on_russian_soldier_by_k2_location/,0,,,0,2024-06-02T19:13:42.917303Z
061c1211e4d87565a2a30369afe20296,https://www.reddit.com/r/CombatFootage/comments/1d5pni3/rare_footage_of_a_ukranian_strv122_firing_at/,0,,,0,2024-06-02T19:13:42.925578Z
36c8a84d75273ee6e929e24ebbb6e23e,https://www.reddit.com/r/CombatFootage/comments/1d5p6mg/russian_x101_cruise_missiles_striking_the_dnipro/,0,,,0,2024-06-02T19:13:42.934772Z
d9cb1b3e0e61465d5918edf0d30d7d85,https://www.reddit.com/r/CombatFootage/comments/1d5oqdv/fsa_bgm71_tow_team_hits_a_syrian_bulldozer/,0,,,0,2024-06-02T19:13:42.941534Z
8d2ceaf24c909d8ea42efd0b6a874a7a,https://www.reddit.com/r/CombatFootage/comments/1d5o19w/compilation_of_joint_arvn_and_fank_khmer_national/,0,,,0,2024-06-02T19:13:42.951573Z
e8777af2bc787f8b1686592405b79111,https://www.reddit.com/r/CombatFootage/comments/1d5n1ft/ronin_group_of_the_65th_mechanized_brigade_repel/,0,,,0,2024-06-02T19:13:42.960680Z
c8e42ba1a95078883f274e646ff67dd6,https://www.reddit.com/r/CombatFootage/comments/1d5mrjh/russian_mtlb_rolls_over_allies_while_trying_to/,0,,,0,2024-06-02T19:13:42.971553Z
773442666367527da9e0d3cf453da632,https://www.reddit.com/r/CombatFootage/comments/1d5mid2/hermes_900_drone_shot_down_over_southern_lebanon/,0,,,0,2024-06-02T19:13:42.980679Z
94efe88b6796e51dfb5d249cb0d175e6,https://www.reddit.com/r/CombatFootage/comments/1d5l6y4/know_of_an_incident_with_more_than_2_view_points/,0,,,0,2024-06-02T19:13:42.988341Z
2b0549ed66fb6eac91fe9f0632ff50cd,https://www.reddit.com/r/CombatFootage/comments/1d5l0x8/2_russians_on_a_atv_survive_a_encounter_with_a/,0,,,0,2024-06-02T19:13:42.996568Z
0c600807b47abaef6a5b787ae3faa86d,https://www.reddit.com/r/CombatFootage/comments/1d5kvi2/ukranian_bradley_breaks_through_2km_into_russian/,0,,,0,2024-06-02T19:13:43.004541Z
a3868b3ab3b6bbc290ba6a90ee22f11d,https://www.reddit.com/r/CombatFootage/comments/1d5km60/russian_tank_suffers_a_catastrophic_cook_off/,0,,,0,2024-06-02T19:13:43.014601Z
09309f8b7c7a555f7f814486f9e87843,https://www.reddit.com/r/CombatFootage/comments/1d6ku6p/battle_in_the_pokrovsky_direction_through_the/,0,,,0,2024-06-02T19:13:53.045579Z
95a0f7415d11e0f74d4ebd93cbf75f93,https://www.reddit.com/r/CombatFootage/comments/1d6jvn3/soldiers_of_the_3rd_assault_brigade_come_under/,0,,,0,2024-06-02T19:13:53.057264Z
c6e502d0e3489e14529826a7516388f9,https://www.reddit.com/r/CombatFootage/comments/1d6jlij/ukranian_civillian_films_a_russian_odab1500/,0,,,0,2024-06-02T19:13:53.077399Z
2f88c38cadea817e3f2b1204d38d5232,https://www.reddit.com/r/CombatFootage/comments/1d6jkd2/iron_dome_intercepts_an_iranian_drone/,0,,,0,2024-06-02T19:13:53.088803Z
32e6dddddceebfc20074c883eacb1491,https://www.reddit.com/r/CombatFootage/comments/1d6iyps/russian_mechanized_assault_on_staritsa_settlement/,0,,,0,2024-06-02T19:13:53.103008Z
9d6ffa63162456de2ccb1c4baa07f677,https://www.reddit.com/r/CombatFootage/comments/1d6ig85/russian_soldier_attempting_to_disarm_stuck_fpv/,0,,,0,2024-06-02T19:13:53.111639Z
1b458eb2e0be8b9beb9e10bd6e95ed11,https://www.reddit.com/r/CombatFootage/comments/1d6ialr/tractor_of_the_afu_is_destroyed_by_an_fpv_drone/,0,,,0,2024-06-02T19:13:53.120883Z
57c560a0a55f5dcfd978052496459fc5,https://www.reddit.com/r/CombatFootage/comments/1d6i97t/full_video_of_the_maxxpro_conducting_a_casevac_of/,0,,,0,2024-06-02T19:13:53.131678Z
fd2d3b5f9e843a9485190cce14750839,https://www.reddit.com/r/CombatFootage/comments/1d6ht45/aerobomber_buar_110th_ombr_destroys_russians_in/,0,,,0,2024-06-02T19:13:53.142515Z
58cd6b9055ec2971d1c893ac077c6bb0,https://www.reddit.com/r/CombatFootage/comments/1d6hkbc/russian_t90m_firing_at_ukranian_positions_on_the/,0,,,0,2024-06-02T19:13:53.152278Z
461bd0c105322dbab163dca3b2d7bfa0,https://www.reddit.com/r/CombatFootage/comments/1d6ha0q/azov_drone_strike_compilation_from_the_end_of_may/,0,,,0,2024-06-02T19:13:53.161888Z
838c3aa63b876a317a3f6cb1bdb42e8b,https://www.reddit.com/r/CombatFootage/comments/1d6h5cj/russian_hiding_under_tank_gets_hit_with_fpv_comes/,0,,,0,2024-06-02T19:13:53.180519Z
30816ecd09c4a3685d00d2bcdf05f4ec,https://www.reddit.com/r/CombatFootage/comments/1d6h1s5/russian_triggers_a_mine_next_to_a_destroyed_tank/,0,,,0,2024-06-02T19:13:53.191785Z
1244a4551ce27b51e653223915ccbd80,https://www.reddit.com/r/CombatFootage/comments/1d6gynh/russian_assault_repelled_near_ugledar/,0,,,0,2024-06-02T19:13:53.204049Z
a0f18326a34fb7f22eed430d1d731d30,https://www.reddit.com/r/CombatFootage/comments/1d6gato/looking_for_combined_infantry_and_drone_use/,0,,,0,2024-06-02T19:13:53.212913Z
7a8ed0b77d7f8a6974cacb6521845a2b,https://www.reddit.com/r/CombatFootage/comments/1d6g6c6/m777_155mm_towed_howitzer_crew_operating_against/,0,,,0,2024-06-02T19:13:53.224746Z
4939fe3958bc9c40457a0123a4853078,https://www.reddit.com/r/CombatFootage/comments/1d6fyry/a_large_group_of_liwa_altawhid_fighters_suppress/,0,,,0,2024-06-02T19:13:53.242217Z
42eb01c194a6a4093aeba3a525805692,https://www.reddit.com/r/CombatFootage/comments/1d6f9br/88mm_flak_guns_firing_timed_air_bursts_at_ground/,0,,,0,2024-06-02T19:13:53.253445Z
cb7185bd1f2b19acf369e3fe7fbe354a,https://www.reddit.com/r/CombatFootage/comments/1d6eror/russian_soldiers_gopro_films_one_of_his_comrades/,0,,,0,2024-06-02T19:13:53.262896Z
bf73625e4b19f45db91ba30401f76fac,https://www.reddit.com/r/CombatFootage/comments/1d6ds99/karenni_nationalities_defense_force_b04_attack/,0,,,0,2024-06-02T19:13:53.277160Z
91acd1756583958cb1f3766ffec97b41,https://www.reddit.com/r/CombatFootage/comments/1d6dri7/soldiers_of_the_afu_are_targeted_by_grenades/,0,,,0,2024-06-02T19:13:53.286473Z
8d88474e2ca2d3d2fa709869f441c92c,https://www.reddit.com/r/CombatFootage/comments/1d6d06h/ngu_soldiers_repel_russian_assault_on_their/,0,,,0,2024-06-02T19:13:53.297105Z
001fb908c6e3fe7b752511202eeeb953,https://www.reddit.com/r/CombatFootage/comments/1d6cjgj/ukrainian_fpv_drone_attacks_on_russian_vehicles/,0,,,0,2024-06-02T19:13:53.307532Z
1179a1f575742f79ba7aa7c7534c179a,https://www.reddit.com/r/CombatFootage/comments/1d6bzxv/a_saudi_pilot_destroys_a_truck_transporting_a/,0,,,0,2024-06-02T19:13:53.318176Z
5af4ab9395e4ac3f5a3db02e07eec71b,https://www.reddit.com/r/CombatFootage/comments/1d6b898/bmp_carrying_russian_soldiers_on_top_gets_hit/,0,,,0,2024-06-02T19:13:53.327346Z
39d03bbd27033f897acef9fc1df71eca,https://www.reddit.com/r/CombatFootage/comments/1d6b0s2/a_russian_t72b_tries_go_around_two_destroyed/,0,,,0,2024-06-02T19:13:53.338743Z
92cbd8ccc62577c85bd78e98c75a57e1,https://www.reddit.com/r/CombatFootage/comments/1d69n4x/hothi_soldier_get_a_direct_hits_by_saudi_25mm/,0,,,0,2024-06-02T19:13:53.350112Z
c3749ea8d33d56b1cae3c979b86da019,https://www.reddit.com/r/CombatFootage/comments/1d69h1o/russian_soldier_flushed_out_of_entrenched/,0,,,0,2024-06-02T19:13:53.363444Z
8c9959c09b46ebb6ca4bd838f4404f2d,https://www.reddit.com/r/CombatFootage/comments/1d694er/rare_algerian_civil_war_footage_of_jihadist/,0,,,0,2024-06-02T19:13:53.385016Z
310641c99493c3aa6e631a237e3cfaf9,https://www.reddit.com/r/CombatFootage/comments/1d68asc/ukrainian_m2a2_bradley_shoots_at_two_russian/,0,,,0,2024-06-02T19:13:53.397370Z
1ce83e102f0347eecd0655409bc18458,https://www.reddit.com/r/CombatFootage/comments/1d67g2i/video_of_houthi_soldiers_conflicting_before_they/,0,,,0,2024-06-02T19:13:53.417352Z
c2952fc024cd4cab3dce328f697dc485,https://www.reddit.com/r/CombatFootage/comments/1d67g1x/4th_video_of_an_fpv_drone_hitting_a_russian_uav/,0,,,0,2024-06-02T19:13:53.438549Z
1bcdfe7eec3d5496fae824afbd57507e,https://www.reddit.com/r/CombatFootage/comments/1d673da/colombian_helicopter_firing_against_farc/,0,,,0,2024-06-02T19:13:53.453173Z
5ec124a52d3439b15e0e9c3c8f45cfaf,https://www.reddit.com/r/CombatFootage/comments/1d61av7/m1_abrams_filmed_taking_out_isis_suicide_vehicle/,0,,,0,2024-06-02T19:13:53.472679Z
75b05013cdc47c41d6c2e3ab3569cabd,https://www.reddit.com/r/CombatFootage/comments/1d618ut/the_moment_the_rocket_hits_the_cyclone_ship_in/,0,,,0,2024-06-02T19:13:53.491443Z
f0edc1db1d27f6d0e31f8d8ab095530e,https://www.reddit.com/r/CombatFootage/comments/1d6050v/hezbollah_shot_an_elbit_hermes_900_uav_belonging/,0,,,0,2024-06-02T19:13:53.533031Z
e6685c2784645655acdb988d0597e0ad,https://www.reddit.com/r/CombatFootage/comments/1d5wkig/hothi_soldier_gets_direct_hit_from_saudi_tow/,0,,,0,2024-06-02T19:13:53.621566Z
45d006434945c4b4d84545753d9a0c37,https://www.reddit.com/r/CombatFootage/comments/1d5u3mr/birds_of_magyar_drone_strikes_on_various_russian/,0,,,0,2024-06-02T19:13:53.636277Z
f0b9180e038f3a026b2978dbc3fa0768,https://www.reddit.com/r/CombatFootage/comments/1d5tfcl/fpv_hits_a_russian_soldier_throw_a_small_window/,0,,,0,2024-06-02T19:13:53.644396Z
11a81a4b7c4dfc3a68fc079c4d4b7987,https://www.reddit.com/r/CombatFootage/comments/1d5sq4o/khorne_group_soldier_operating_the_9k111_fagot/,0,,,0,2024-06-02T19:13:53.652122Z
7fce02586ee59233dcb713df1e789cea,https://www.reddit.com/r/CombatFootage/comments/1d5sn9h/lancet_hits_a_truck_carrying_ammunition_and/,0,,,0,2024-06-02T19:13:53.660583Z
afe8984f58b769a926a00288b73ba2a2,https://www.reddit.com/r/CombatFootage/comments/1d5sbid/direct_hit_on_russian_soldier_by_k2_location/,0,,,0,2024-06-02T19:13:53.675090Z
061c1211e4d87565a2a30369afe20296,https://www.reddit.com/r/CombatFootage/comments/1d5pni3/rare_footage_of_a_ukranian_strv122_firing_at/,0,,,0,2024-06-02T19:13:53.684956Z
36c8a84d75273ee6e929e24ebbb6e23e,https://www.reddit.com/r/CombatFootage/comments/1d5p6mg/russian_x101_cruise_missiles_striking_the_dnipro/,0,,,0,2024-06-02T19:13:53.694550Z
d9cb1b3e0e61465d5918edf0d30d7d85,https://www.reddit.com/r/CombatFootage/comments/1d5oqdv/fsa_bgm71_tow_team_hits_a_syrian_bulldozer/,0,,,0,2024-06-02T19:13:53.707138Z
8d2ceaf24c909d8ea42efd0b6a874a7a,https://www.reddit.com/r/CombatFootage/comments/1d5o19w/compilation_of_joint_arvn_and_fank_khmer_national/,0,,,0,2024-06-02T19:13:53.716550Z
e8777af2bc787f8b1686592405b79111,https://www.reddit.com/r/CombatFootage/comments/1d5n1ft/ronin_group_of_the_65th_mechanized_brigade_repel/,0,,,0,2024-06-02T19:13:53.724262Z
c8e42ba1a95078883f274e646ff67dd6,https://www.reddit.com/r/CombatFootage/comments/1d5mrjh/russian_mtlb_rolls_over_allies_while_trying_to/,0,,,0,2024-06-02T19:13:53.736510Z
773442666367527da9e0d3cf453da632,https://www.reddit.com/r/CombatFootage/comments/1d5mid2/hermes_900_drone_shot_down_over_southern_lebanon/,0,,,0,2024-06-02T19:13:53.745486Z
94efe88b6796e51dfb5d249cb0d175e6,https://www.reddit.com/r/CombatFootage/comments/1d5l6y4/know_of_an_incident_with_more_than_2_view_points/,0,,,0,2024-06-02T19:13:53.756257Z
2b0549ed66fb6eac91fe9f0632ff50cd,https://www.reddit.com/r/CombatFootage/comments/1d5l0x8/2_russians_on_a_atv_survive_a_encounter_with_a/,0,,,0,2024-06-02T19:13:53.770103Z
0c600807b47abaef6a5b787ae3faa86d,https://www.reddit.com/r/CombatFootage/comments/1d5kvi2/ukranian_bradley_breaks_through_2km_into_russian/,0,,,0,2024-06-02T19:13:53.778830Z
a3868b3ab3b6bbc290ba6a90ee22f11d,https://www.reddit.com/r/CombatFootage/comments/1d5km60/russian_tank_suffers_a_catastrophic_cook_off/,0,,,0,2024-06-02T19:13:53.786342Z
a8e098c06b3f86c0f6d50c5db3c5ccf0,https://www.reddit.com/r/CombatFootage/comments/1d5k5ab/the_omega_group_of_the_nsu_targeting_a_russian/,0,,,0,2024-06-02T19:13:53.796093Z
9f7b9df1812fb52ea893646a1cfcc385,https://www.reddit.com/r/CombatFootage/comments/1d5jpg9/russian_drones_hit_ukrainian_vehicles_compilation/,0,,,0,2024-06-02T19:13:53.806928Z
31e0c09f0550cb4f98e727757b1da955,https://www.reddit.com/r/CombatFootage/comments/1d5j456/new_compilation_of_ukrainian_fpv_pilots_attacking/,0,,,0,2024-06-02T19:13:53.815246Z
e15d84eaf9f4c112c8364c56609dee1d,https://www.reddit.com/r/CombatFootage/comments/1d5idja/ukrainian_security_service_drone_operators_shot/,0,,,0,2024-06-02T19:13:53.822167Z
791c9a450cd6e419aa3edb3ad6312de6,https://www.reddit.com/r/CombatFootage/comments/1d5h9sr/trench_predator_video/,0,,,0,2024-06-02T19:13:53.833632Z
64f23553fc430e1c0f224e4da5c0b8e3,https://www.reddit.com/r/CombatFootage/comments/1d5e4u4/clashes_between_sudanese_army_and_rsf/,0,,,0,2024-06-02T19:13:53.841493Z
32a6ad9b776c74b7eb0dd83c744c3a2b,https://www.reddit.com/r/CombatFootage/comments/1d5cmrd/american_newsreel_on_lam_son_719_a_monthlong_arvn/,0,,,0,2024-06-02T19:13:53.850389Z
19418555c89df2ff7008388750495fd7,https://www.reddit.com/r/CombatFootage/comments/1d59ylu/weekly_current_conflicts_other_than_ua/,0,,,0,2024-06-02T19:13:53.858184Z
874b9b7e720de5ee39ee1bb9107c93d7,https://www.reddit.com/r/CombatFootage/comments/1d59jgy/lancet_hits_a_truck_transporting_two_armored/,0,,,0,2024-06-02T19:13:53.869963Z
ff6b04d7ab9e1f7bdfd21d99522368c7,https://www.reddit.com/r/CombatFootage/comments/1d59h62/the_instant_cook_off_of_a_russian_2c19_mstas_self/,0,,,0,2024-06-02T19:13:53.877139Z
8acd79c0e9ee5e9b37c9f40fde601fbe,https://www.reddit.com/r/CombatFootage/comments/1d593my/amx10rc_from_the_1st_battalion_of_the_37th/,0,,,0,2024-06-02T19:13:53.885097Z
c1f47dec97e1d5cb418557ce2c423d96,https://www.reddit.com/r/CombatFootage/comments/1d55wiv/brimstone_missile_being_launched_at_a_russian/,0,,,0,2024-06-02T19:13:53.893471Z
214028d9611aba644263478ce04e4849,https://www.reddit.com/r/CombatFootage/comments/1d55fai/fsa_bgm71_tow_strike_on_an_saa_azp_s60_technical/,0,,,0,2024-06-02T19:13:53.903549Z
8848f7c7e03a7401040b441d758e94a4,https://www.reddit.com/r/CombatFootage/comments/1d53rw8/ukrainian_kamikaze_drone_hits_a_russian_zala/,0,,,0,2024-06-02T19:13:53.911969Z
9465a7ad4583588ffea2b4f68627e13d,https://www.reddit.com/r/CombatFootage/comments/1d5395v/a_ukrainian_drone_in_novorosiysk_rashka/,0,,,0,2024-06-02T19:13:53.918641Z
008f1ef05be6da0e2815495b36a16498,https://www.reddit.com/r/CombatFootage/comments/1d52rys/compilation_of_best_lancet_strikes_in_may_2024_by/,0,,,0,2024-06-02T19:13:53.925617Z
2bc8634e85774d552cd8576a47c2bf0a,https://www.reddit.com/r/CombatFootage/comments/1d5150p/captured_footage_of_a_syrian_zsu234_shilka_using/,0,,,0,2024-06-02T19:13:53.935229Z
22ea50218b94d2a5876bb5e001b6e38b,https://www.reddit.com/r/CombatFootage/comments/1d4yej0/attack_on_russian_positions_and_capture_of_a/,0,,,0,2024-06-02T19:13:53.942845Z
419d383c527c1608da6155403fb4ddd8,https://www.reddit.com/r/CombatFootage/comments/1d4x95r/paratroopers_defending_their_positions_probably/,0,,,0,2024-06-02T19:13:53.951662Z
a441b9e74f94071479564e0b92be5f50,https://www.reddit.com/r/CombatFootage/comments/1d4wflx/russian_tank_with_infantry_on_it_was_destroyed_by/,0,,,0,2024-06-02T19:13:53.960140Z
9e952d25f5db3c7181df8ccf753bc5d5,https://www.reddit.com/r/CombatFootage/comments/1d4v6z2/ukrainian_maxxpro_mrap_under_fire_when_driving/,0,,,0,2024-06-02T19:13:53.973090Z
fb5a319b20f69950126f24de8a419b78,https://www.reddit.com/r/CombatFootage/comments/1d4u0y1/dpsu_pomsta_brigade_destroys_4_cannons_2_cars_2/,0,,,0,2024-06-02T19:13:53.982701Z
a17e171cceec7ccb0456d9a236cdb803,https://www.reddit.com/r/CombatFootage/comments/1d4taqz/88mm_flak_guns_bring_down_a_us_bomber_over_italy/,0,,,0,2024-06-02T19:13:53.990777Z
5f7cf09d3cc7ca7c6bbe8c2c0d0aef25,https://www.reddit.com/r/CombatFootage/comments/1d4r32m/another_russian_t90_is_getting_destroyed_by_a/,0,,,0,2024-06-02T19:13:54.003853Z
6ed62176451d82fade13293d595cd570,https://www.reddit.com/r/CombatFootage/comments/1d4qwjk/russian_drone_destroys_a_hexacopter_by_dropping/,0,,,0,2024-06-02T19:13:54.015039Z
09309f8b7c7a555f7f814486f9e87843,https://www.reddit.com/r/CombatFootage/comments/1d6ku6p/battle_in_the_pokrovsky_direction_through_the/,0,,,0,2024-06-02T19:14:04.048464Z
95a0f7415d11e0f74d4ebd93cbf75f93,https://www.reddit.com/r/CombatFootage/comments/1d6jvn3/soldiers_of_the_3rd_assault_brigade_come_under/,0,,,0,2024-06-02T19:14:04.058470Z
c6e502d0e3489e14529826a7516388f9,https://www.reddit.com/r/CombatFootage/comments/1d6jlij/ukranian_civillian_films_a_russian_odab1500/,0,,,0,2024-06-02T19:14:04.076987Z
2f88c38cadea817e3f2b1204d38d5232,https://www.reddit.com/r/CombatFootage/comments/1d6jkd2/iron_dome_intercepts_an_iranian_drone/,0,,,0,2024-06-02T19:14:04.085971Z
32e6dddddceebfc20074c883eacb1491,https://www.reddit.com/r/CombatFootage/comments/1d6iyps/russian_mechanized_assault_on_staritsa_settlement/,0,,,0,2024-06-02T19:14:04.093888Z
9d6ffa63162456de2ccb1c4baa07f677,https://www.reddit.com/r/CombatFootage/comments/1d6ig85/russian_soldier_attempting_to_disarm_stuck_fpv/,0,,,0,2024-06-02T19:14:04.107245Z
1b458eb2e0be8b9beb9e10bd6e95ed11,https://www.reddit.com/r/CombatFootage/comments/1d6ialr/tractor_of_the_afu_is_destroyed_by_an_fpv_drone/,0,,,0,2024-06-02T19:14:04.115296Z
57c560a0a55f5dcfd978052496459fc5,https://www.reddit.com/r/CombatFootage/comments/1d6i97t/full_video_of_the_maxxpro_conducting_a_casevac_of/,0,,,0,2024-06-02T19:14:04.122436Z
fd2d3b5f9e843a9485190cce14750839,https://www.reddit.com/r/CombatFootage/comments/1d6ht45/aerobomber_buar_110th_ombr_destroys_russians_in/,0,,,0,2024-06-02T19:14:04.133906Z
58cd6b9055ec2971d1c893ac077c6bb0,https://www.reddit.com/r/CombatFootage/comments/1d6hkbc/russian_t90m_firing_at_ukranian_positions_on_the/,0,,,0,2024-06-02T19:14:04.140134Z
461bd0c105322dbab163dca3b2d7bfa0,https://www.reddit.com/r/CombatFootage/comments/1d6ha0q/azov_drone_strike_compilation_from_the_end_of_may/,0,,,0,2024-06-02T19:14:04.148771Z
838c3aa63b876a317a3f6cb1bdb42e8b,https://www.reddit.com/r/CombatFootage/comments/1d6h5cj/russian_hiding_under_tank_gets_hit_with_fpv_comes/,0,,,0,2024-06-02T19:14:04.156682Z
30816ecd09c4a3685d00d2bcdf05f4ec,https://www.reddit.com/r/CombatFootage/comments/1d6h1s5/russian_triggers_a_mine_next_to_a_destroyed_tank/,0,,,0,2024-06-02T19:14:04.172829Z
1244a4551ce27b51e653223915ccbd80,https://www.reddit.com/r/CombatFootage/comments/1d6gynh/russian_assault_repelled_near_ugledar/,0,,,0,2024-06-02T19:14:04.183361Z
a0f18326a34fb7f22eed430d1d731d30,https://www.reddit.com/r/CombatFootage/comments/1d6gato/looking_for_combined_infantry_and_drone_use/,0,,,0,2024-06-02T19:14:04.194809Z
7a8ed0b77d7f8a6974cacb6521845a2b,https://www.reddit.com/r/CombatFootage/comments/1d6g6c6/m777_155mm_towed_howitzer_crew_operating_against/,0,,,0,2024-06-02T19:14:04.206310Z
4939fe3958bc9c40457a0123a4853078,https://www.reddit.com/r/CombatFootage/comments/1d6fyry/a_large_group_of_liwa_altawhid_fighters_suppress/,0,,,0,2024-06-02T19:14:04.283153Z
42eb01c194a6a4093aeba3a525805692,https://www.reddit.com/r/CombatFootage/comments/1d6f9br/88mm_flak_guns_firing_timed_air_bursts_at_ground/,0,,,0,2024-06-02T19:14:04.296758Z
cb7185bd1f2b19acf369e3fe7fbe354a,https://www.reddit.com/r/CombatFootage/comments/1d6eror/russian_soldiers_gopro_films_one_of_his_comrades/,0,,,0,2024-06-02T19:14:04.309950Z
bf73625e4b19f45db91ba30401f76fac,https://www.reddit.com/r/CombatFootage/comments/1d6ds99/karenni_nationalities_defense_force_b04_attack/,0,,,0,2024-06-02T19:14:04.319600Z
91acd1756583958cb1f3766ffec97b41,https://www.reddit.com/r/CombatFootage/comments/1d6dri7/soldiers_of_the_afu_are_targeted_by_grenades/,0,,,0,2024-06-02T19:14:04.331931Z
8d88474e2ca2d3d2fa709869f441c92c,https://www.reddit.com/r/CombatFootage/comments/1d6d06h/ngu_soldiers_repel_russian_assault_on_their/,0,,,0,2024-06-02T19:14:04.345920Z
001fb908c6e3fe7b752511202eeeb953,https://www.reddit.com/r/CombatFootage/comments/1d6cjgj/ukrainian_fpv_drone_attacks_on_russian_vehicles/,0,,,0,2024-06-02T19:14:04.355218Z
1179a1f575742f79ba7aa7c7534c179a,https://www.reddit.com/r/CombatFootage/comments/1d6bzxv/a_saudi_pilot_destroys_a_truck_transporting_a/,0,,,0,2024-06-02T19:14:04.374108Z
5af4ab9395e4ac3f5a3db02e07eec71b,https://www.reddit.com/r/CombatFootage/comments/1d6b898/bmp_carrying_russian_soldiers_on_top_gets_hit/,0,,,0,2024-06-02T19:14:04.384687Z
39d03bbd27033f897acef9fc1df71eca,https://www.reddit.com/r/CombatFootage/comments/1d6b0s2/a_russian_t72b_tries_go_around_two_destroyed/,0,,,0,2024-06-02T19:14:04.396236Z
92cbd8ccc62577c85bd78e98c75a57e1,https://www.reddit.com/r/CombatFootage/comments/1d69n4x/hothi_soldier_get_a_direct_hits_by_saudi_25mm/,0,,,0,2024-06-02T19:14:04.414183Z
c3749ea8d33d56b1cae3c979b86da019,https://www.reddit.com/r/CombatFootage/comments/1d69h1o/russian_soldier_flushed_out_of_entrenched/,0,,,0,2024-06-02T19:14:04.424664Z
8c9959c09b46ebb6ca4bd838f4404f2d,https://www.reddit.com/r/CombatFootage/comments/1d694er/rare_algerian_civil_war_footage_of_jihadist/,0,,,0,2024-06-02T19:14:04.440948Z
310641c99493c3aa6e631a237e3cfaf9,https://www.reddit.com/r/CombatFootage/comments/1d68asc/ukrainian_m2a2_bradley_shoots_at_two_russian/,0,,,0,2024-06-02T19:14:04.452244Z
1ce83e102f0347eecd0655409bc18458,https://www.reddit.com/r/CombatFootage/comments/1d67g2i/video_of_houthi_soldiers_conflicting_before_they/,0,,,0,2024-06-02T19:14:04.476243Z
c2952fc024cd4cab3dce328f697dc485,https://www.reddit.com/r/CombatFootage/comments/1d67g1x/4th_video_of_an_fpv_drone_hitting_a_russian_uav/,0,,,0,2024-06-02T19:14:04.486607Z
1bcdfe7eec3d5496fae824afbd57507e,https://www.reddit.com/r/CombatFootage/comments/1d673da/colombian_helicopter_firing_against_farc/,0,,,0,2024-06-02T19:14:04.503280Z
5ec124a52d3439b15e0e9c3c8f45cfaf,https://www.reddit.com/r/CombatFootage/comments/1d61av7/m1_abrams_filmed_taking_out_isis_suicide_vehicle/,0,,,0,2024-06-02T19:14:04.514766Z
75b05013cdc47c41d6c2e3ab3569cabd,https://www.reddit.com/r/CombatFootage/comments/1d618ut/the_moment_the_rocket_hits_the_cyclone_ship_in/,0,,,0,2024-06-02T19:14:04.524881Z
f0edc1db1d27f6d0e31f8d8ab095530e,https://www.reddit.com/r/CombatFootage/comments/1d6050v/hezbollah_shot_an_elbit_hermes_900_uav_belonging/,0,,,0,2024-06-02T19:14:04.544344Z
e6685c2784645655acdb988d0597e0ad,https://www.reddit.com/r/CombatFootage/comments/1d5wkig/hothi_soldier_gets_direct_hit_from_saudi_tow/,0,,,0,2024-06-02T19:14:04.554600Z
45d006434945c4b4d84545753d9a0c37,https://www.reddit.com/r/CombatFootage/comments/1d5u3mr/birds_of_magyar_drone_strikes_on_various_russian/,0,,,0,2024-06-02T19:14:04.572804Z
f0b9180e038f3a026b2978dbc3fa0768,https://www.reddit.com/r/CombatFootage/comments/1d5tfcl/fpv_hits_a_russian_soldier_throw_a_small_window/,0,,,0,2024-06-02T19:14:04.583715Z
11a81a4b7c4dfc3a68fc079c4d4b7987,https://www.reddit.com/r/CombatFootage/comments/1d5sq4o/khorne_group_soldier_operating_the_9k111_fagot/,0,,,0,2024-06-02T19:14:04.593518Z
7fce02586ee59233dcb713df1e789cea,https://www.reddit.com/r/CombatFootage/comments/1d5sn9h/lancet_hits_a_truck_carrying_ammunition_and/,0,,,0,2024-06-02T19:14:04.608109Z
afe8984f58b769a926a00288b73ba2a2,https://www.reddit.com/r/CombatFootage/comments/1d5sbid/direct_hit_on_russian_soldier_by_k2_location/,0,,,0,2024-06-02T19:14:04.618705Z
061c1211e4d87565a2a30369afe20296,https://www.reddit.com/r/CombatFootage/comments/1d5pni3/rare_footage_of_a_ukranian_strv122_firing_at/,0,,,0,2024-06-02T19:14:04.629391Z
36c8a84d75273ee6e929e24ebbb6e23e,https://www.reddit.com/r/CombatFootage/comments/1d5p6mg/russian_x101_cruise_missiles_striking_the_dnipro/,0,,,0,2024-06-02T19:14:04.644885Z
d9cb1b3e0e61465d5918edf0d30d7d85,https://www.reddit.com/r/CombatFootage/comments/1d5oqdv/fsa_bgm71_tow_team_hits_a_syrian_bulldozer/,0,,,0,2024-06-02T19:14:04.654471Z
8d2ceaf24c909d8ea42efd0b6a874a7a,https://www.reddit.com/r/CombatFootage/comments/1d5o19w/compilation_of_joint_arvn_and_fank_khmer_national/,0,,,0,2024-06-02T19:14:04.673921Z
e8777af2bc787f8b1686592405b79111,https://www.reddit.com/r/CombatFootage/comments/1d5n1ft/ronin_group_of_the_65th_mechanized_brigade_repel/,0,,,0,2024-06-02T19:14:04.684658Z
c8e42ba1a95078883f274e646ff67dd6,https://www.reddit.com/r/CombatFootage/comments/1d5mrjh/russian_mtlb_rolls_over_allies_while_trying_to/,0,,,0,2024-06-02T19:14:04.695297Z
773442666367527da9e0d3cf453da632,https://www.reddit.com/r/CombatFootage/comments/1d5mid2/hermes_900_drone_shot_down_over_southern_lebanon/,0,,,0,2024-06-02T19:14:04.711970Z
94efe88b6796e51dfb5d249cb0d175e6,https://www.reddit.com/r/CombatFootage/comments/1d5l6y4/know_of_an_incident_with_more_than_2_view_points/,0,,,0,2024-06-02T19:14:04.721139Z
2b0549ed66fb6eac91fe9f0632ff50cd,https://www.reddit.com/r/CombatFootage/comments/1d5l0x8/2_russians_on_a_atv_survive_a_encounter_with_a/,0,,,0,2024-06-02T19:14:04.735793Z
0c600807b47abaef6a5b787ae3faa86d,https://www.reddit.com/r/CombatFootage/comments/1d5kvi2/ukranian_bradley_breaks_through_2km_into_russian/,0,,,0,2024-06-02T19:14:04.744170Z
a3868b3ab3b6bbc290ba6a90ee22f11d,https://www.reddit.com/r/CombatFootage/comments/1d5km60/russian_tank_suffers_a_catastrophic_cook_off/,0,,,0,2024-06-02T19:14:04.754441Z
a8e098c06b3f86c0f6d50c5db3c5ccf0,https://www.reddit.com/r/CombatFootage/comments/1d5k5ab/the_omega_group_of_the_nsu_targeting_a_russian/,0,,,0,2024-06-02T19:14:04.774463Z
9f7b9df1812fb52ea893646a1cfcc385,https://www.reddit.com/r/CombatFootage/comments/1d5jpg9/russian_drones_hit_ukrainian_vehicles_compilation/,0,,,0,2024-06-02T19:14:04.784254Z
31e0c09f0550cb4f98e727757b1da955,https://www.reddit.com/r/CombatFootage/comments/1d5j456/new_compilation_of_ukrainian_fpv_pilots_attacking/,0,,,0,2024-06-02T19:14:04.794366Z
e15d84eaf9f4c112c8364c56609dee1d,https://www.reddit.com/r/CombatFootage/comments/1d5idja/ukrainian_security_service_drone_operators_shot/,0,,,0,2024-06-02T19:14:04.816626Z
791c9a450cd6e419aa3edb3ad6312de6,https://www.reddit.com/r/CombatFootage/comments/1d5h9sr/trench_predator_video/,0,,,0,2024-06-02T19:14:04.830492Z
64f23553fc430e1c0f224e4da5c0b8e3,https://www.reddit.com/r/CombatFootage/comments/1d5e4u4/clashes_between_sudanese_army_and_rsf/,0,,,0,2024-06-02T19:14:04.846899Z
32a6ad9b776c74b7eb0dd83c744c3a2b,https://www.reddit.com/r/CombatFootage/comments/1d5cmrd/american_newsreel_on_lam_son_719_a_monthlong_arvn/,0,,,0,2024-06-02T19:14:04.858882Z
19418555c89df2ff7008388750495fd7,https://www.reddit.com/r/CombatFootage/comments/1d59ylu/weekly_current_conflicts_other_than_ua/,0,,,0,2024-06-02T19:14:04.882330Z
874b9b7e720de5ee39ee1bb9107c93d7,https://www.reddit.com/r/CombatFootage/comments/1d59jgy/lancet_hits_a_truck_transporting_two_armored/,0,,,0,2024-06-02T19:14:04.892193Z
ff6b04d7ab9e1f7bdfd21d99522368c7,https://www.reddit.com/r/CombatFootage/comments/1d59h62/the_instant_cook_off_of_a_russian_2c19_mstas_self/,0,,,0,2024-06-02T19:14:04.909455Z
8acd79c0e9ee5e9b37c9f40fde601fbe,https://www.reddit.com/r/CombatFootage/comments/1d593my/amx10rc_from_the_1st_battalion_of_the_37th/,0,,,0,2024-06-02T19:14:04.918190Z
c1f47dec97e1d5cb418557ce2c423d96,https://www.reddit.com/r/CombatFootage/comments/1d55wiv/brimstone_missile_being_launched_at_a_russian/,0,,,0,2024-06-02T19:14:04.926128Z
214028d9611aba644263478ce04e4849,https://www.reddit.com/r/CombatFootage/comments/1d55fai/fsa_bgm71_tow_strike_on_an_saa_azp_s60_technical/,0,,,0,2024-06-02T19:14:04.940126Z
8848f7c7e03a7401040b441d758e94a4,https://www.reddit.com/r/CombatFootage/comments/1d53rw8/ukrainian_kamikaze_drone_hits_a_russian_zala/,0,,,0,2024-06-02T19:14:04.951054Z
9465a7ad4583588ffea2b4f68627e13d,https://www.reddit.com/r/CombatFootage/comments/1d5395v/a_ukrainian_drone_in_novorosiysk_rashka/,0,,,0,2024-06-02T19:14:04.961006Z
008f1ef05be6da0e2815495b36a16498,https://www.reddit.com/r/CombatFootage/comments/1d52rys/compilation_of_best_lancet_strikes_in_may_2024_by/,0,,,0,2024-06-02T19:14:04.981095Z
2bc8634e85774d552cd8576a47c2bf0a,https://www.reddit.com/r/CombatFootage/comments/1d5150p/captured_footage_of_a_syrian_zsu234_shilka_using/,0,,,0,2024-06-02T19:14:04.991321Z
22ea50218b94d2a5876bb5e001b6e38b,https://www.reddit.com/r/CombatFootage/comments/1d4yej0/attack_on_russian_positions_and_capture_of_a/,0,,,0,2024-06-02T19:14:05.004496Z
419d383c527c1608da6155403fb4ddd8,https://www.reddit.com/r/CombatFootage/comments/1d4x95r/paratroopers_defending_their_positions_probably/,0,,,0,2024-06-02T19:14:05.016031Z
a441b9e74f94071479564e0b92be5f50,https://www.reddit.com/r/CombatFootage/comments/1d4wflx/russian_tank_with_infantry_on_it_was_destroyed_by/,0,,,0,2024-06-02T19:14:05.025941Z
9e952d25f5db3c7181df8ccf753bc5d5,https://www.reddit.com/r/CombatFootage/comments/1d4v6z2/ukrainian_maxxpro_mrap_under_fire_when_driving/,0,,,0,2024-06-02T19:14:05.041252Z
fb5a319b20f69950126f24de8a419b78,https://www.reddit.com/r/CombatFootage/comments/1d4u0y1/dpsu_pomsta_brigade_destroys_4_cannons_2_cars_2/,0,,,0,2024-06-02T19:14:05.053966Z
a17e171cceec7ccb0456d9a236cdb803,https://www.reddit.com/r/CombatFootage/comments/1d4taqz/88mm_flak_guns_bring_down_a_us_bomber_over_italy/,0,,,0,2024-06-02T19:14:05.073064Z
5f7cf09d3cc7ca7c6bbe8c2c0d0aef25,https://www.reddit.com/r/CombatFootage/comments/1d4r32m/another_russian_t90_is_getting_destroyed_by_a/,0,,,0,2024-06-02T19:14:05.085478Z
6ed62176451d82fade13293d595cd570,https://www.reddit.com/r/CombatFootage/comments/1d4qwjk/russian_drone_destroys_a_hexacopter_by_dropping/,0,,,0,2024-06-02T19:14:05.103929Z
6cabca9c79727770cdf3df95651304b4,https://www.reddit.com/r/CombatFootage/comments/1d4m458/operators_of_the_73rd_sso_maritime_center/,0,,,0,2024-06-02T19:14:05.116456Z
81fb4eee2e035af95163f743744b584d,https://www.reddit.com/r/CombatFootage/comments/1d4hynz/l119_105mm_towed_howitzer_crew_working_against/,0,,,0,2024-06-02T19:14:05.131959Z
4ed6e88967f414e0232f8ceb9e67f164,https://www.reddit.com/r/CombatFootage/comments/1d4gaco/soldiers_of_the_revenge_tactical_group_of_gur/,0,,,0,2024-06-02T19:14:05.149835Z
bc221d6ca6afef358dc774810aab0814,https://www.reddit.com/r/CombatFootage/comments/1d4ef38/alrahman_recoilless_rifle_team_engages_a/,0,,,0,2024-06-02T19:14:05.160659Z
693213326d43603f78e566bc523b448c,https://www.reddit.com/r/CombatFootage/comments/1d4dyzn/ukrainian_drone_of_the_15th_operational_brigade/,0,,,0,2024-06-02T19:14:05.178700Z
9a87751ce0bebcf629f29415be5333eb,https://www.reddit.com/r/CombatFootage/comments/1d4b6lx/indian_soldiers_insas_jams_multiple_times_during/,0,,,0,2024-06-02T19:14:05.188101Z
35847ff2614867d0ba013ddb24fc9044,https://www.reddit.com/r/CombatFootage/comments/1d4a1cl/compilation_of_new_and_archival_clips_of_the_aida/,0,,,0,2024-06-02T19:14:05.202973Z
6ac14c8999f1776d2f7153230d1821e9,https://www.reddit.com/r/CombatFootage/comments/1d49fc2/an_fsa_t72_engaging_is_positions_with_its_coaxial/,0,,,0,2024-06-02T19:14:05.214355Z
c1bbc4bef2136bfde8244cdc084e907d,https://www.reddit.com/r/CombatFootage/comments/1d47t6u/ukranian_fighter_in_a_shooting_battle_near_terny/,0,,,0,2024-06-02T19:14:05.222803Z
052c1248677e08c93f9537bd9f0923a8,https://www.reddit.com/r/CombatFootage/comments/1d47rtu/ukranian_soldiers_clear_a_russian_position_and/,0,,,0,2024-06-02T19:14:05.237604Z
253a6e3df4294ae7d4c3edaaffb1074b,https://www.reddit.com/r/CombatFootage/comments/1d47ixx/operation_of_m777_155mm_howitzer_against_russian/,0,,,0,2024-06-02T19:14:05.249658Z
f8483c9408fbd3cf1b6ca526362bf499,https://www.reddit.com/r/CombatFootage/comments/1d45ic2/us_army_special_forces_in_afghanistan_fighting/,0,,,0,2024-06-02T19:14:05.259629Z
87cf8b17c203d673de3b391c711cdaab,https://www.reddit.com/r/CombatFootage/comments/1d45hdn/sixteenth_marksman_2_of_the_international_defense/,0,,,0,2024-06-02T19:14:05.273827Z
f8673fdb498e318618cbd51b986e6186,https://www.reddit.com/r/CombatFootage/comments/1d45721/urban_fighting_over_the_center_of_vovchansk_may/,0,,,0,2024-06-02T19:14:05.282550Z
94633a899b8ed8fa8e2ceacfb84af035,https://www.reddit.com/r/CombatFootage/comments/1d43jp0/russian_reconnaissance_wingtype_uav_zala_was_hit/,0,,,0,2024-06-02T19:14:05.289530Z
e897a656054881640be28aadfaa8dd67,https://www.reddit.com/r/CombatFootage/comments/1d43g3z/2nd_mountain_assault_battalion_mortar_strikes_on/,0,,,0,2024-06-02T19:14:05.302262Z
8fe100380629e037a3a48f2336d78f9e,https://www.reddit.com/r/CombatFootage/comments/1d42lj0/video_of_several_atacms_being_launched/,0,,,0,2024-06-02T19:14:05.310975Z
b7f5b2139f7943530b80a423a10403d3,https://www.reddit.com/r/CombatFootage/comments/1d42gz0/a_ukrainian_fpv_pilot_destroys_another_russian/,0,,,0,2024-06-02T19:14:05.317874Z
d2b9e306da7bf6ec22d071fb042ce1af,https://www.reddit.com/r/CombatFootage/comments/1d41ris/operation_agreement_italians_sink_hms_sikh/,0,,,0,2024-06-02T19:14:05.326281Z
cafcd239fa382fc6327c3ceadfd81fc9,https://www.reddit.com/r/CombatFootage/comments/1d40mrk/the_russians_assault_themselves_video_from/,0,,,0,2024-06-02T19:14:05.336491Z
dbee19970b41574a6921568913d410bb,https://www.reddit.com/r/CombatFootage/comments/1d40er2/bobr_drone_unit_fpv_strike_on_two_ukrainian/,0,,,0,2024-06-02T19:14:05.344447Z
ed4c16227484980389fe6ea698a1ed4f,https://www.reddit.com/r/CombatFootage/comments/1d40e2u/79_border_guard_detachment_hits_a_water_scooter/,0,,,0,2024-06-02T19:14:05.351836Z
1eebbbaaf9586ec552c9e7c87001eef2,https://www.reddit.com/r/CombatFootage/comments/1d408vr/ukrainian_drone_pilot_of_44_ombr_was_ordered_to/,0,,,0,2024-06-02T19:14:05.359840Z
09309f8b7c7a555f7f814486f9e87843,https://www.reddit.com/r/CombatFootage/comments/1d6ku6p/battle_in_the_pokrovsky_direction_through_the/,0,,,0,2024-06-02T19:14:15.518256Z
95a0f7415d11e0f74d4ebd93cbf75f93,https://www.reddit.com/r/CombatFootage/comments/1d6jvn3/soldiers_of_the_3rd_assault_brigade_come_under/,0,,,0,2024-06-02T19:14:15.524535Z
c6e502d0e3489e14529826a7516388f9,https://www.reddit.com/r/CombatFootage/comments/1d6jlij/ukranian_civillian_films_a_russian_odab1500/,0,,,0,2024-06-02T19:14:15.532651Z
2f88c38cadea817e3f2b1204d38d5232,https://www.reddit.com/r/CombatFootage/comments/1d6jkd2/iron_dome_intercepts_an_iranian_drone/,0,,,0,2024-06-02T19:14:15.538975Z
32e6dddddceebfc20074c883eacb1491,https://www.reddit.com/r/CombatFootage/comments/1d6iyps/russian_mechanized_assault_on_staritsa_settlement/,0,,,0,2024-06-02T19:14:15.552183Z
9d6ffa63162456de2ccb1c4baa07f677,https://www.reddit.com/r/CombatFootage/comments/1d6ig85/russian_soldier_attempting_to_disarm_stuck_fpv/,0,,,0,2024-06-02T19:14:15.558471Z
1b458eb2e0be8b9beb9e10bd6e95ed11,https://www.reddit.com/r/CombatFootage/comments/1d6ialr/tractor_of_the_afu_is_destroyed_by_an_fpv_drone/,0,,,0,2024-06-02T19:14:15.566167Z
57c560a0a55f5dcfd978052496459fc5,https://www.reddit.com/r/CombatFootage/comments/1d6i97t/full_video_of_the_maxxpro_conducting_a_casevac_of/,0,,,0,2024-06-02T19:14:15.572503Z
fd2d3b5f9e843a9485190cce14750839,https://www.reddit.com/r/CombatFootage/comments/1d6ht45/aerobomber_buar_110th_ombr_destroys_russians_in/,0,,,0,2024-06-02T19:14:15.580483Z
58cd6b9055ec2971d1c893ac077c6bb0,https://www.reddit.com/r/CombatFootage/comments/1d6hkbc/russian_t90m_firing_at_ukranian_positions_on_the/,0,,,0,2024-06-02T19:14:15.592230Z
461bd0c105322dbab163dca3b2d7bfa0,https://www.reddit.com/r/CombatFootage/comments/1d6ha0q/azov_drone_strike_compilation_from_the_end_of_may/,0,,,0,2024-06-02T19:14:15.599517Z
838c3aa63b876a317a3f6cb1bdb42e8b,https://www.reddit.com/r/CombatFootage/comments/1d6h5cj/russian_hiding_under_tank_gets_hit_with_fpv_comes/,0,,,0,2024-06-02T19:14:15.606584Z
30816ecd09c4a3685d00d2bcdf05f4ec,https://www.reddit.com/r/CombatFootage/comments/1d6h1s5/russian_triggers_a_mine_next_to_a_destroyed_tank/,0,,,0,2024-06-02T19:14:15.618757Z
1244a4551ce27b51e653223915ccbd80,https://www.reddit.com/r/CombatFootage/comments/1d6gynh/russian_assault_repelled_near_ugledar/,0,,,0,2024-06-02T19:14:15.626179Z
a0f18326a34fb7f22eed430d1d731d30,https://www.reddit.com/r/CombatFootage/comments/1d6gato/looking_for_combined_infantry_and_drone_use/,0,,,0,2024-06-02T19:14:15.633933Z
7a8ed0b77d7f8a6974cacb6521845a2b,https://www.reddit.com/r/CombatFootage/comments/1d6g6c6/m777_155mm_towed_howitzer_crew_operating_against/,0,,,0,2024-06-02T19:14:15.640823Z
4939fe3958bc9c40457a0123a4853078,https://www.reddit.com/r/CombatFootage/comments/1d6fyry/a_large_group_of_liwa_altawhid_fighters_suppress/,0,,,0,2024-06-02T19:14:15.652606Z
42eb01c194a6a4093aeba3a525805692,https://www.reddit.com/r/CombatFootage/comments/1d6f9br/88mm_flak_guns_firing_timed_air_bursts_at_ground/,0,,,0,2024-06-02T19:14:15.660859Z
cb7185bd1f2b19acf369e3fe7fbe354a,https://www.reddit.com/r/CombatFootage/comments/1d6eror/russian_soldiers_gopro_films_one_of_his_comrades/,0,,,0,2024-06-02T19:14:15.668405Z
bf73625e4b19f45db91ba30401f76fac,https://www.reddit.com/r/CombatFootage/comments/1d6ds99/karenni_nationalities_defense_force_b04_attack/,0,,,0,2024-06-02T19:14:15.676422Z
91acd1756583958cb1f3766ffec97b41,https://www.reddit.com/r/CombatFootage/comments/1d6dri7/soldiers_of_the_afu_are_targeted_by_grenades/,0,,,0,2024-06-02T19:14:15.690321Z
8d88474e2ca2d3d2fa709869f441c92c,https://www.reddit.com/r/CombatFootage/comments/1d6d06h/ngu_soldiers_repel_russian_assault_on_their/,0,,,0,2024-06-02T19:14:15.698530Z
001fb908c6e3fe7b752511202eeeb953,https://www.reddit.com/r/CombatFootage/comments/1d6cjgj/ukrainian_fpv_drone_attacks_on_russian_vehicles/,0,,,0,2024-06-02T19:14:15.704771Z
1179a1f575742f79ba7aa7c7534c179a,https://www.reddit.com/r/CombatFootage/comments/1d6bzxv/a_saudi_pilot_destroys_a_truck_transporting_a/,0,,,0,2024-06-02T19:14:15.713258Z
5af4ab9395e4ac3f5a3db02e07eec71b,https://www.reddit.com/r/CombatFootage/comments/1d6b898/bmp_carrying_russian_soldiers_on_top_gets_hit/,0,,,0,2024-06-02T19:14:15.724228Z
39d03bbd27033f897acef9fc1df71eca,https://www.reddit.com/r/CombatFootage/comments/1d6b0s2/a_russian_t72b_tries_go_around_two_destroyed/,0,,,0,2024-06-02T19:14:15.733228Z
92cbd8ccc62577c85bd78e98c75a57e1,https://www.reddit.com/r/CombatFootage/comments/1d69n4x/hothi_soldier_get_a_direct_hits_by_saudi_25mm/,0,,,0,2024-06-02T19:14:15.739668Z
c3749ea8d33d56b1cae3c979b86da019,https://www.reddit.com/r/CombatFootage/comments/1d69h1o/russian_soldier_flushed_out_of_entrenched/,0,,,0,2024-06-02T19:14:15.753783Z
8c9959c09b46ebb6ca4bd838f4404f2d,https://www.reddit.com/r/CombatFootage/comments/1d694er/rare_algerian_civil_war_footage_of_jihadist/,0,,,0,2024-06-02T19:14:15.764685Z
310641c99493c3aa6e631a237e3cfaf9,https://www.reddit.com/r/CombatFootage/comments/1d68asc/ukrainian_m2a2_bradley_shoots_at_two_russian/,0,,,0,2024-06-02T19:14:15.775199Z
1ce83e102f0347eecd0655409bc18458,https://www.reddit.com/r/CombatFootage/comments/1d67g2i/video_of_houthi_soldiers_conflicting_before_they/,0,,,0,2024-06-02T19:14:15.796466Z
c2952fc024cd4cab3dce328f697dc485,https://www.reddit.com/r/CombatFootage/comments/1d67g1x/4th_video_of_an_fpv_drone_hitting_a_russian_uav/,0,,,0,2024-06-02T19:14:15.809444Z
1bcdfe7eec3d5496fae824afbd57507e,https://www.reddit.com/r/CombatFootage/comments/1d673da/colombian_helicopter_firing_against_farc/,0,,,0,2024-06-02T19:14:15.826557Z
5ec124a52d3439b15e0e9c3c8f45cfaf,https://www.reddit.com/r/CombatFootage/comments/1d61av7/m1_abrams_filmed_taking_out_isis_suicide_vehicle/,0,,,0,2024-06-02T19:14:15.837692Z
75b05013cdc47c41d6c2e3ab3569cabd,https://www.reddit.com/r/CombatFootage/comments/1d618ut/the_moment_the_rocket_hits_the_cyclone_ship_in/,0,,,0,2024-06-02T19:14:15.856107Z
f0edc1db1d27f6d0e31f8d8ab095530e,https://www.reddit.com/r/CombatFootage/comments/1d6050v/hezbollah_shot_an_elbit_hermes_900_uav_belonging/,0,,,0,2024-06-02T19:14:15.867631Z
e6685c2784645655acdb988d0597e0ad,https://www.reddit.com/r/CombatFootage/comments/1d5wkig/hothi_soldier_gets_direct_hit_from_saudi_tow/,0,,,0,2024-06-02T19:14:15.877681Z
45d006434945c4b4d84545753d9a0c37,https://www.reddit.com/r/CombatFootage/comments/1d5u3mr/birds_of_magyar_drone_strikes_on_various_russian/,0,,,0,2024-06-02T19:14:15.898308Z
f0b9180e038f3a026b2978dbc3fa0768,https://www.reddit.com/r/CombatFootage/comments/1d5tfcl/fpv_hits_a_russian_soldier_throw_a_small_window/,0,,,0,2024-06-02T19:14:15.908365Z
11a81a4b7c4dfc3a68fc079c4d4b7987,https://www.reddit.com/r/CombatFootage/comments/1d5sq4o/khorne_group_soldier_operating_the_9k111_fagot/,0,,,0,2024-06-02T19:14:15.923578Z
7fce02586ee59233dcb713df1e789cea,https://www.reddit.com/r/CombatFootage/comments/1d5sn9h/lancet_hits_a_truck_carrying_ammunition_and/,0,,,0,2024-06-02T19:14:15.935603Z
afe8984f58b769a926a00288b73ba2a2,https://www.reddit.com/r/CombatFootage/comments/1d5sbid/direct_hit_on_russian_soldier_by_k2_location/,0,,,0,2024-06-02T19:14:15.955708Z
061c1211e4d87565a2a30369afe20296,https://www.reddit.com/r/CombatFootage/comments/1d5pni3/rare_footage_of_a_ukranian_strv122_firing_at/,0,,,0,2024-06-02T19:14:15.967206Z
36c8a84d75273ee6e929e24ebbb6e23e,https://www.reddit.com/r/CombatFootage/comments/1d5p6mg/russian_x101_cruise_missiles_striking_the_dnipro/,0,,,0,2024-06-02T19:14:15.976949Z
d9cb1b3e0e61465d5918edf0d30d7d85,https://www.reddit.com/r/CombatFootage/comments/1d5oqdv/fsa_bgm71_tow_team_hits_a_syrian_bulldozer/,0,,,0,2024-06-02T19:14:15.996060Z
8d2ceaf24c909d8ea42efd0b6a874a7a,https://www.reddit.com/r/CombatFootage/comments/1d5o19w/compilation_of_joint_arvn_and_fank_khmer_national/,0,,,0,2024-06-02T19:14:16.006835Z
e8777af2bc787f8b1686592405b79111,https://www.reddit.com/r/CombatFootage/comments/1d5n1ft/ronin_group_of_the_65th_mechanized_brigade_repel/,0,,,0,2024-06-02T19:14:16.023746Z
c8e42ba1a95078883f274e646ff67dd6,https://www.reddit.com/r/CombatFootage/comments/1d5mrjh/russian_mtlb_rolls_over_allies_while_trying_to/,0,,,0,2024-06-02T19:14:16.034105Z
773442666367527da9e0d3cf453da632,https://www.reddit.com/r/CombatFootage/comments/1d5mid2/hermes_900_drone_shot_down_over_southern_lebanon/,0,,,0,2024-06-02T19:14:16.044621Z
94efe88b6796e51dfb5d249cb0d175e6,https://www.reddit.com/r/CombatFootage/comments/1d5l6y4/know_of_an_incident_with_more_than_2_view_points/,0,,,0,2024-06-02T19:14:16.062615Z
2b0549ed66fb6eac91fe9f0632ff50cd,https://www.reddit.com/r/CombatFootage/comments/1d5l0x8/2_russians_on_a_atv_survive_a_encounter_with_a/,0,,,0,2024-06-02T19:14:16.072269Z
0c600807b47abaef6a5b787ae3faa86d,https://www.reddit.com/r/CombatFootage/comments/1d5kvi2/ukranian_bradley_breaks_through_2km_into_russian/,0,,,0,2024-06-02T19:14:16.093737Z
a3868b3ab3b6bbc290ba6a90ee22f11d,https://www.reddit.com/r/CombatFootage/comments/1d5km60/russian_tank_suffers_a_catastrophic_cook_off/,0,,,0,2024-06-02T19:14:16.142182Z
a8e098c06b3f86c0f6d50c5db3c5ccf0,https://www.reddit.com/r/CombatFootage/comments/1d5k5ab/the_omega_group_of_the_nsu_targeting_a_russian/,0,,,0,2024-06-02T19:14:16.207598Z
9f7b9df1812fb52ea893646a1cfcc385,https://www.reddit.com/r/CombatFootage/comments/1d5jpg9/russian_drones_hit_ukrainian_vehicles_compilation/,0,,,0,2024-06-02T19:14:16.228149Z
31e0c09f0550cb4f98e727757b1da955,https://www.reddit.com/r/CombatFootage/comments/1d5j456/new_compilation_of_ukrainian_fpv_pilots_attacking/,0,,,0,2024-06-02T19:14:16.236615Z
e15d84eaf9f4c112c8364c56609dee1d,https://www.reddit.com/r/CombatFootage/comments/1d5idja/ukrainian_security_service_drone_operators_shot/,0,,,0,2024-06-02T19:14:16.244173Z
791c9a450cd6e419aa3edb3ad6312de6,https://www.reddit.com/r/CombatFootage/comments/1d5h9sr/trench_predator_video/,0,,,0,2024-06-02T19:14:16.253484Z
64f23553fc430e1c0f224e4da5c0b8e3,https://www.reddit.com/r/CombatFootage/comments/1d5e4u4/clashes_between_sudanese_army_and_rsf/,0,,,0,2024-06-02T19:14:16.261211Z
32a6ad9b776c74b7eb0dd83c744c3a2b,https://www.reddit.com/r/CombatFootage/comments/1d5cmrd/american_newsreel_on_lam_son_719_a_monthlong_arvn/,0,,,0,2024-06-02T19:14:16.267811Z
19418555c89df2ff7008388750495fd7,https://www.reddit.com/r/CombatFootage/comments/1d59ylu/weekly_current_conflicts_other_than_ua/,0,,,0,2024-06-02T19:14:16.274861Z
874b9b7e720de5ee39ee1bb9107c93d7,https://www.reddit.com/r/CombatFootage/comments/1d59jgy/lancet_hits_a_truck_transporting_two_armored/,0,,,0,2024-06-02T19:14:16.287488Z
ff6b04d7ab9e1f7bdfd21d99522368c7,https://www.reddit.com/r/CombatFootage/comments/1d59h62/the_instant_cook_off_of_a_russian_2c19_mstas_self/,0,,,0,2024-06-02T19:14:16.296466Z
8acd79c0e9ee5e9b37c9f40fde601fbe,https://www.reddit.com/r/CombatFootage/comments/1d593my/amx10rc_from_the_1st_battalion_of_the_37th/,0,,,0,2024-06-02T19:14:16.304270Z
c1f47dec97e1d5cb418557ce2c423d96,https://www.reddit.com/r/CombatFootage/comments/1d55wiv/brimstone_missile_being_launched_at_a_russian/,0,,,0,2024-06-02T19:14:16.313048Z
214028d9611aba644263478ce04e4849,https://www.reddit.com/r/CombatFootage/comments/1d55fai/fsa_bgm71_tow_strike_on_an_saa_azp_s60_technical/,0,,,0,2024-06-02T19:14:16.322974Z
8848f7c7e03a7401040b441d758e94a4,https://www.reddit.com/r/CombatFootage/comments/1d53rw8/ukrainian_kamikaze_drone_hits_a_russian_zala/,0,,,0,2024-06-02T19:14:16.331222Z
9465a7ad4583588ffea2b4f68627e13d,https://www.reddit.com/r/CombatFootage/comments/1d5395v/a_ukrainian_drone_in_novorosiysk_rashka/,0,,,0,2024-06-02T19:14:16.337812Z
008f1ef05be6da0e2815495b36a16498,https://www.reddit.com/r/CombatFootage/comments/1d52rys/compilation_of_best_lancet_strikes_in_may_2024_by/,0,,,0,2024-06-02T19:14:16.346317Z
2bc8634e85774d552cd8576a47c2bf0a,https://www.reddit.com/r/CombatFootage/comments/1d5150p/captured_footage_of_a_syrian_zsu234_shilka_using/,0,,,0,2024-06-02T19:14:16.355497Z
22ea50218b94d2a5876bb5e001b6e38b,https://www.reddit.com/r/CombatFootage/comments/1d4yej0/attack_on_russian_positions_and_capture_of_a/,0,,,0,2024-06-02T19:14:16.406887Z
419d383c527c1608da6155403fb4ddd8,https://www.reddit.com/r/CombatFootage/comments/1d4x95r/paratroopers_defending_their_positions_probably/,0,,,0,2024-06-02T19:14:16.423943Z
a441b9e74f94071479564e0b92be5f50,https://www.reddit.com/r/CombatFootage/comments/1d4wflx/russian_tank_with_infantry_on_it_was_destroyed_by/,0,,,0,2024-06-02T19:14:16.436031Z
9e952d25f5db3c7181df8ccf753bc5d5,https://www.reddit.com/r/CombatFootage/comments/1d4v6z2/ukrainian_maxxpro_mrap_under_fire_when_driving/,0,,,0,2024-06-02T19:14:16.444807Z
fb5a319b20f69950126f24de8a419b78,https://www.reddit.com/r/CombatFootage/comments/1d4u0y1/dpsu_pomsta_brigade_destroys_4_cannons_2_cars_2/,0,,,0,2024-06-02T19:14:16.454901Z
a17e171cceec7ccb0456d9a236cdb803,https://www.reddit.com/r/CombatFootage/comments/1d4taqz/88mm_flak_guns_bring_down_a_us_bomber_over_italy/,0,,,0,2024-06-02T19:14:16.463550Z
5f7cf09d3cc7ca7c6bbe8c2c0d0aef25,https://www.reddit.com/r/CombatFootage/comments/1d4r32m/another_russian_t90_is_getting_destroyed_by_a/,0,,,0,2024-06-02T19:14:16.473296Z
6ed62176451d82fade13293d595cd570,https://www.reddit.com/r/CombatFootage/comments/1d4qwjk/russian_drone_destroys_a_hexacopter_by_dropping/,0,,,0,2024-06-02T19:14:16.486769Z
6cabca9c79727770cdf3df95651304b4,https://www.reddit.com/r/CombatFootage/comments/1d4m458/operators_of_the_73rd_sso_maritime_center/,0,,,0,2024-06-02T19:14:16.495578Z
81fb4eee2e035af95163f743744b584d,https://www.reddit.com/r/CombatFootage/comments/1d4hynz/l119_105mm_towed_howitzer_crew_working_against/,0,,,0,2024-06-02T19:14:16.505789Z
4ed6e88967f414e0232f8ceb9e67f164,https://www.reddit.com/r/CombatFootage/comments/1d4gaco/soldiers_of_the_revenge_tactical_group_of_gur/,0,,,0,2024-06-02T19:14:16.517162Z
bc221d6ca6afef358dc774810aab0814,https://www.reddit.com/r/CombatFootage/comments/1d4ef38/alrahman_recoilless_rifle_team_engages_a/,0,,,0,2024-06-02T19:14:16.524187Z
693213326d43603f78e566bc523b448c,https://www.reddit.com/r/CombatFootage/comments/1d4dyzn/ukrainian_drone_of_the_15th_operational_brigade/,0,,,0,2024-06-02T19:14:16.535282Z
9a87751ce0bebcf629f29415be5333eb,https://www.reddit.com/r/CombatFootage/comments/1d4b6lx/indian_soldiers_insas_jams_multiple_times_during/,0,,,0,2024-06-02T19:14:16.543714Z
35847ff2614867d0ba013ddb24fc9044,https://www.reddit.com/r/CombatFootage/comments/1d4a1cl/compilation_of_new_and_archival_clips_of_the_aida/,0,,,0,2024-06-02T19:14:16.554245Z
6ac14c8999f1776d2f7153230d1821e9,https://www.reddit.com/r/CombatFootage/comments/1d49fc2/an_fsa_t72_engaging_is_positions_with_its_coaxial/,0,,,0,2024-06-02T19:14:16.562543Z
c1bbc4bef2136bfde8244cdc084e907d,https://www.reddit.com/r/CombatFootage/comments/1d47t6u/ukranian_fighter_in_a_shooting_battle_near_terny/,0,,,0,2024-06-02T19:14:16.572474Z
052c1248677e08c93f9537bd9f0923a8,https://www.reddit.com/r/CombatFootage/comments/1d47rtu/ukranian_soldiers_clear_a_russian_position_and/,0,,,0,2024-06-02T19:14:16.585792Z
253a6e3df4294ae7d4c3edaaffb1074b,https://www.reddit.com/r/CombatFootage/comments/1d47ixx/operation_of_m777_155mm_howitzer_against_russian/,0,,,0,2024-06-02T19:14:16.594451Z
f8483c9408fbd3cf1b6ca526362bf499,https://www.reddit.com/r/CombatFootage/comments/1d45ic2/us_army_special_forces_in_afghanistan_fighting/,0,,,0,2024-06-02T19:14:16.603683Z
87cf8b17c203d673de3b391c711cdaab,https://www.reddit.com/r/CombatFootage/comments/1d45hdn/sixteenth_marksman_2_of_the_international_defense/,0,,,0,2024-06-02T19:14:16.612273Z
f8673fdb498e318618cbd51b986e6186,https://www.reddit.com/r/CombatFootage/comments/1d45721/urban_fighting_over_the_center_of_vovchansk_may/,0,,,0,2024-06-02T19:14:16.622865Z
94633a899b8ed8fa8e2ceacfb84af035,https://www.reddit.com/r/CombatFootage/comments/1d43jp0/russian_reconnaissance_wingtype_uav_zala_was_hit/,0,,,0,2024-06-02T19:14:16.631596Z
e897a656054881640be28aadfaa8dd67,https://www.reddit.com/r/CombatFootage/comments/1d43g3z/2nd_mountain_assault_battalion_mortar_strikes_on/,0,,,0,2024-06-02T19:14:16.638722Z
8fe100380629e037a3a48f2336d78f9e,https://www.reddit.com/r/CombatFootage/comments/1d42lj0/video_of_several_atacms_being_launched/,0,,,0,2024-06-02T19:14:16.651382Z
b7f5b2139f7943530b80a423a10403d3,https://www.reddit.com/r/CombatFootage/comments/1d42gz0/a_ukrainian_fpv_pilot_destroys_another_russian/,0,,,0,2024-06-02T19:14:16.659789Z
d2b9e306da7bf6ec22d071fb042ce1af,https://www.reddit.com/r/CombatFootage/comments/1d41ris/operation_agreement_italians_sink_hms_sikh/,0,,,0,2024-06-02T19:14:16.667325Z
cafcd239fa382fc6327c3ceadfd81fc9,https://www.reddit.com/r/CombatFootage/comments/1d40mrk/the_russians_assault_themselves_video_from/,0,,,0,2024-06-02T19:14:16.675406Z
dbee19970b41574a6921568913d410bb,https://www.reddit.com/r/CombatFootage/comments/1d40er2/bobr_drone_unit_fpv_strike_on_two_ukrainian/,0,,,0,2024-06-02T19:14:16.688871Z
ed4c16227484980389fe6ea698a1ed4f,https://www.reddit.com/r/CombatFootage/comments/1d40e2u/79_border_guard_detachment_hits_a_water_scooter/,0,,,0,2024-06-02T19:14:16.698147Z
1eebbbaaf9586ec552c9e7c87001eef2,https://www.reddit.com/r/CombatFootage/comments/1d408vr/ukrainian_drone_pilot_of_44_ombr_was_ordered_to/,0,,,0,2024-06-02T19:14:16.705178Z
6c72ed4e4a06bcee88b9e94da074bac9,https://www.reddit.com/r/CombatFootage/comments/1d400dz/ukrainian_soldiers_tried_to_take_down_a_russian/,0,,,0,2024-06-02T19:14:16.717668Z
8ed54bc0216c6f57134f539245543eef,https://www.reddit.com/r/CombatFootage/comments/1d3zf7h/fsa_fighters_come_in_heavy_fighting_and_take/,0,,,0,2024-06-02T19:14:16.725365Z
6242a948e72f9a91193dcf6df48b6340,https://www.reddit.com/r/CombatFootage/comments/1d3yzs3/footage_of_a_ukrainian_e300_enterprise_drone/,0,,,0,2024-06-02T19:14:16.732860Z
042d21b862b927435e1e1fd1891cd941,https://www.reddit.com/r/CombatFootage/comments/1d3ydcx/footage_of_ukrainian_naval_drone_attacks_in_the/,0,,,0,2024-06-02T19:14:16.740797Z
463b17d3df3063610a481dd00380ab35,https://www.reddit.com/r/CombatFootage/comments/1d3v1j4/newsreel_of_the_battle_of_skyline_ridge_a_part_of/,0,,,0,2024-06-02T19:14:16.755339Z
c46749d40ff70f534af86243c751f743,https://www.reddit.com/r/CombatFootage/comments/1d3qa26/russian_fpv_drone_hits_a_ukrainian_usv_in_the/,0,,,0,2024-06-02T19:14:16.764141Z
062851e17d2698993411999cb71ab61c,https://www.reddit.com/r/CombatFootage/comments/1d3lpbh/june_1945_sherman_tank_equipped_with_a/,0,,,0,2024-06-02T19:14:16.771877Z
ab5a3092ff72165b418701284ff5465c,https://www.reddit.com/r/CombatFootage/comments/1d3liac/pfc_morton_fernberg_vineland_nj_an_infantryman/,0,,,0,2024-06-02T19:14:16.785930Z
9e939fdd89f2ec05778025a7b62f9686,https://www.reddit.com/r/CombatFootage/comments/1d3ld9b/ukrainian_kamikaze_drone_destroys_a_russian_bm21/,0,,,0,2024-06-02T19:14:16.794833Z
91d0d65446da0ef110ef3e594ee8dcec,https://www.reddit.com/r/CombatFootage/comments/1d3jqas/fsa_13th_division_bgm71_tow_team_hits_a_syrian/,0,,,0,2024-06-02T19:14:16.801293Z
acbc92103985d692927e3d2e9fb5e0ee,https://www.reddit.com/r/CombatFootage/comments/1d3iuei/houthis_shooting_down_another_mq9_reaper_over/,0,,,0,2024-06-02T19:14:16.808944Z
79cd5118ab87db6c6e6380d7805b7f05,https://www.reddit.com/r/CombatFootage/comments/1d3ii9g/black_hawk_helicopter_from_the_colombian_army_hit/,0,,,0,2024-06-02T19:14:16.819860Z
2ca97d8ba98ae6475c90814c16e3f1b1,https://www.reddit.com/r/CombatFootage/comments/1d3hytf/extended_footage_of_the_missile_attack_on_donetsk/,0,,,0,2024-06-02T19:14:16.827986Z
85851a51c22b0a118394e56808604116,https://www.reddit.com/r/CombatFootage/comments/1d3hlti/shelling_of_donetsk_occupied_at_a_russian_army/,0,,,0,2024-06-02T19:14:16.834813Z
9eff78b17246961af2ecf349af516353,https://www.reddit.com/r/CombatFootage/comments/1d3gkgr/another_russian_t90m_breakthrough_tank_is_getting/,0,,,0,2024-06-02T19:14:16.842717Z
2c42a493a9520594a4d3fc81d9b017ec,https://www.reddit.com/r/CombatFootage/comments/1d3f7j2/kia_commercial_truck_performs_well_as_an_fsa/,0,,,0,2024-06-02T19:14:16.855980Z
8a7f0a680304944a61b8e3bf7bc76cce,https://www.reddit.com/r/CombatFootage/comments/1d3exev/archive_footage_of_the_m1_abrams_working_with_its/,0,,,0,2024-06-02T19:14:16.864911Z
c97a8da77f68b54107344ea2d0ae9035,https://www.reddit.com/r/CombatFootage/comments/1d3e0tk/russian_uav_operators_try_to_ram_a_ukrainian/,0,,,0,2024-06-02T19:14:16.871031Z
31f73ad87450709e16a26ab0d4c13b2f,https://www.reddit.com/r/CombatFootage/comments/1d3drbl/russian_observation_drones_zala_and_orlan10_were/,0,,,0,2024-06-02T19:14:16.887669Z
96f804e646e585e25d310887c0451a28,https://www.reddit.com/r/CombatFootage/comments/1d3dcku/daily_work_of_the_vampire_drone_team_near/,0,,,0,2024-06-02T19:14:16.896325Z
ced402123b44aadbc70ed34f39e1d116,https://www.reddit.com/r/CombatFootage/comments/1d3998s/m1a1_abrams_c65_class_vi_please_of_164ar_knocked/,0,,,0,2024-06-02T19:14:16.903571Z
5013a2a5f5ec25c2ab71496aebc99dfd,https://www.reddit.com/r/CombatFootage/comments/1d398tp/the_eyes_of_retribution_unit_59_ompbr_uses_drones/,0,,,0,2024-06-02T19:14:16.912625Z
eb5945bc7054f96ae5874d7954fcd0c6,https://www.reddit.com/r/CombatFootage/comments/1d38zi7/fpv_drones_of_bobr_drone_unit_sruck_camouflaged/,0,,,0,2024-06-02T19:14:16.923144Z
1f77c056524bc96bc4d33e56e212c0a2,https://www.reddit.com/r/CombatFootage/comments/1d38rsg/brief_pov_footage_of_the_event_where_a_bradley/,0,,,0,2024-06-02T19:14:16.931103Z
09309f8b7c7a555f7f814486f9e87843,https://www.reddit.com/r/CombatFootage/comments/1d6ku6p/battle_in_the_pokrovsky_direction_through_the/,0,,,0,2024-06-02T19:14:26.989077Z
95a0f7415d11e0f74d4ebd93cbf75f93,https://www.reddit.com/r/CombatFootage/comments/1d6jvn3/soldiers_of_the_3rd_assault_brigade_come_under/,0,,,0,2024-06-02T19:14:26.998428Z
c6e502d0e3489e14529826a7516388f9,https://www.reddit.com/r/CombatFootage/comments/1d6jlij/ukranian_civillian_films_a_russian_odab1500/,0,,,0,2024-06-02T19:14:27.005651Z
2f88c38cadea817e3f2b1204d38d5232,https://www.reddit.com/r/CombatFootage/comments/1d6jkd2/iron_dome_intercepts_an_iranian_drone/,0,,,0,2024-06-02T19:14:27.019981Z
32e6dddddceebfc20074c883eacb1491,https://www.reddit.com/r/CombatFootage/comments/1d6iyps/russian_mechanized_assault_on_staritsa_settlement/,0,,,0,2024-06-02T19:14:27.027186Z
9d6ffa63162456de2ccb1c4baa07f677,https://www.reddit.com/r/CombatFootage/comments/1d6ig85/russian_soldier_attempting_to_disarm_stuck_fpv/,0,,,0,2024-06-02T19:14:27.034466Z
1b458eb2e0be8b9beb9e10bd6e95ed11,https://www.reddit.com/r/CombatFootage/comments/1d6ialr/tractor_of_the_afu_is_destroyed_by_an_fpv_drone/,0,,,0,2024-06-02T19:14:27.040482Z
57c560a0a55f5dcfd978052496459fc5,https://www.reddit.com/r/CombatFootage/comments/1d6i97t/full_video_of_the_maxxpro_conducting_a_casevac_of/,0,,,0,2024-06-02T19:14:27.054871Z
fd2d3b5f9e843a9485190cce14750839,https://www.reddit.com/r/CombatFootage/comments/1d6ht45/aerobomber_buar_110th_ombr_destroys_russians_in/,0,,,0,2024-06-02T19:14:27.062675Z
58cd6b9055ec2971d1c893ac077c6bb0,https://www.reddit.com/r/CombatFootage/comments/1d6hkbc/russian_t90m_firing_at_ukranian_positions_on_the/,0,,,0,2024-06-02T19:14:27.068805Z
461bd0c105322dbab163dca3b2d7bfa0,https://www.reddit.com/r/CombatFootage/comments/1d6ha0q/azov_drone_strike_compilation_from_the_end_of_may/,0,,,0,2024-06-02T19:14:27.075175Z
838c3aa63b876a317a3f6cb1bdb42e8b,https://www.reddit.com/r/CombatFootage/comments/1d6h5cj/russian_hiding_under_tank_gets_hit_with_fpv_comes/,0,,,0,2024-06-02T19:14:27.086671Z
30816ecd09c4a3685d00d2bcdf05f4ec,https://www.reddit.com/r/CombatFootage/comments/1d6h1s5/russian_triggers_a_mine_next_to_a_destroyed_tank/,0,,,0,2024-06-02T19:14:27.092784Z
1244a4551ce27b51e653223915ccbd80,https://www.reddit.com/r/CombatFootage/comments/1d6gynh/russian_assault_repelled_near_ugledar/,0,,,0,2024-06-02T19:14:27.099921Z
a0f18326a34fb7f22eed430d1d731d30,https://www.reddit.com/r/CombatFootage/comments/1d6gato/looking_for_combined_infantry_and_drone_use/,0,,,0,2024-06-02T19:14:27.105627Z
7a8ed0b77d7f8a6974cacb6521845a2b,https://www.reddit.com/r/CombatFootage/comments/1d6g6c6/m777_155mm_towed_howitzer_crew_operating_against/,0,,,0,2024-06-02T19:14:27.117271Z
4939fe3958bc9c40457a0123a4853078,https://www.reddit.com/r/CombatFootage/comments/1d6fyry/a_large_group_of_liwa_altawhid_fighters_suppress/,0,,,0,2024-06-02T19:14:27.123312Z
42eb01c194a6a4093aeba3a525805692,https://www.reddit.com/r/CombatFootage/comments/1d6f9br/88mm_flak_guns_firing_timed_air_bursts_at_ground/,0,,,0,2024-06-02T19:14:27.131486Z
cb7185bd1f2b19acf369e3fe7fbe354a,https://www.reddit.com/r/CombatFootage/comments/1d6eror/russian_soldiers_gopro_films_one_of_his_comrades/,0,,,0,2024-06-02T19:14:27.137852Z
bf73625e4b19f45db91ba30401f76fac,https://www.reddit.com/r/CombatFootage/comments/1d6ds99/karenni_nationalities_defense_force_b04_attack/,0,,,0,2024-06-02T19:14:27.145751Z
91acd1756583958cb1f3766ffec97b41,https://www.reddit.com/r/CombatFootage/comments/1d6dri7/soldiers_of_the_afu_are_targeted_by_grenades/,0,,,0,2024-06-02T19:14:27.158872Z
8d88474e2ca2d3d2fa709869f441c92c,https://www.reddit.com/r/CombatFootage/comments/1d6d06h/ngu_soldiers_repel_russian_assault_on_their/,0,,,0,2024-06-02T19:14:27.165507Z
001fb908c6e3fe7b752511202eeeb953,https://www.reddit.com/r/CombatFootage/comments/1d6cjgj/ukrainian_fpv_drone_attacks_on_russian_vehicles/,0,,,0,2024-06-02T19:14:27.171363Z
1179a1f575742f79ba7aa7c7534c179a,https://www.reddit.com/r/CombatFootage/comments/1d6bzxv/a_saudi_pilot_destroys_a_truck_transporting_a/,0,,,0,2024-06-02T19:14:27.178907Z
5af4ab9395e4ac3f5a3db02e07eec71b,https://www.reddit.com/r/CombatFootage/comments/1d6b898/bmp_carrying_russian_soldiers_on_top_gets_hit/,0,,,0,2024-06-02T19:14:27.189579Z
39d03bbd27033f897acef9fc1df71eca,https://www.reddit.com/r/CombatFootage/comments/1d6b0s2/a_russian_t72b_tries_go_around_two_destroyed/,0,,,0,2024-06-02T19:14:27.197145Z
92cbd8ccc62577c85bd78e98c75a57e1,https://www.reddit.com/r/CombatFootage/comments/1d69n4x/hothi_soldier_get_a_direct_hits_by_saudi_25mm/,0,,,0,2024-06-02T19:14:27.202909Z
c3749ea8d33d56b1cae3c979b86da019,https://www.reddit.com/r/CombatFootage/comments/1d69h1o/russian_soldier_flushed_out_of_entrenched/,0,,,0,2024-06-02T19:14:27.209404Z
8c9959c09b46ebb6ca4bd838f4404f2d,https://www.reddit.com/r/CombatFootage/comments/1d694er/rare_algerian_civil_war_footage_of_jihadist/,0,,,0,2024-06-02T19:14:27.222920Z
310641c99493c3aa6e631a237e3cfaf9,https://www.reddit.com/r/CombatFootage/comments/1d68asc/ukrainian_m2a2_bradley_shoots_at_two_russian/,0,,,0,2024-06-02T19:14:27.231010Z
1ce83e102f0347eecd0655409bc18458,https://www.reddit.com/r/CombatFootage/comments/1d67g2i/video_of_houthi_soldiers_conflicting_before_they/,0,,,0,2024-06-02T19:14:27.237124Z
c2952fc024cd4cab3dce328f697dc485,https://www.reddit.com/r/CombatFootage/comments/1d67g1x/4th_video_of_an_fpv_drone_hitting_a_russian_uav/,0,,,0,2024-06-02T19:14:27.244676Z
1bcdfe7eec3d5496fae824afbd57507e,https://www.reddit.com/r/CombatFootage/comments/1d673da/colombian_helicopter_firing_against_farc/,0,,,0,2024-06-02T19:14:27.258590Z
5ec124a52d3439b15e0e9c3c8f45cfaf,https://www.reddit.com/r/CombatFootage/comments/1d61av7/m1_abrams_filmed_taking_out_isis_suicide_vehicle/,0,,,0,2024-06-02T19:14:27.266648Z
75b05013cdc47c41d6c2e3ab3569cabd,https://www.reddit.com/r/CombatFootage/comments/1d618ut/the_moment_the_rocket_hits_the_cyclone_ship_in/,0,,,0,2024-06-02T19:14:27.272488Z
f0edc1db1d27f6d0e31f8d8ab095530e,https://www.reddit.com/r/CombatFootage/comments/1d6050v/hezbollah_shot_an_elbit_hermes_900_uav_belonging/,0,,,0,2024-06-02T19:14:27.284674Z
e6685c2784645655acdb988d0597e0ad,https://www.reddit.com/r/CombatFootage/comments/1d5wkig/hothi_soldier_gets_direct_hit_from_saudi_tow/,0,,,0,2024-06-02T19:14:27.291708Z
45d006434945c4b4d84545753d9a0c37,https://www.reddit.com/r/CombatFootage/comments/1d5u3mr/birds_of_magyar_drone_strikes_on_various_russian/,0,,,0,2024-06-02T19:14:27.299180Z
f0b9180e038f3a026b2978dbc3fa0768,https://www.reddit.com/r/CombatFootage/comments/1d5tfcl/fpv_hits_a_russian_soldier_throw_a_small_window/,0,,,0,2024-06-02T19:14:27.305184Z
11a81a4b7c4dfc3a68fc079c4d4b7987,https://www.reddit.com/r/CombatFootage/comments/1d5sq4o/khorne_group_soldier_operating_the_9k111_fagot/,0,,,0,2024-06-02T19:14:27.313264Z
7fce02586ee59233dcb713df1e789cea,https://www.reddit.com/r/CombatFootage/comments/1d5sn9h/lancet_hits_a_truck_carrying_ammunition_and/,0,,,0,2024-06-02T19:14:27.323393Z
afe8984f58b769a926a00288b73ba2a2,https://www.reddit.com/r/CombatFootage/comments/1d5sbid/direct_hit_on_russian_soldier_by_k2_location/,0,,,0,2024-06-02T19:14:27.331819Z
061c1211e4d87565a2a30369afe20296,https://www.reddit.com/r/CombatFootage/comments/1d5pni3/rare_footage_of_a_ukranian_strv122_firing_at/,0,,,0,2024-06-02T19:14:27.361543Z
36c8a84d75273ee6e929e24ebbb6e23e,https://www.reddit.com/r/CombatFootage/comments/1d5p6mg/russian_x101_cruise_missiles_striking_the_dnipro/,0,,,0,2024-06-02T19:14:27.391109Z
d9cb1b3e0e61465d5918edf0d30d7d85,https://www.reddit.com/r/CombatFootage/comments/1d5oqdv/fsa_bgm71_tow_team_hits_a_syrian_bulldozer/,0,,,0,2024-06-02T19:14:27.493528Z
8d2ceaf24c909d8ea42efd0b6a874a7a,https://www.reddit.com/r/CombatFootage/comments/1d5o19w/compilation_of_joint_arvn_and_fank_khmer_national/,0,,,0,2024-06-02T19:14:27.499821Z
e8777af2bc787f8b1686592405b79111,https://www.reddit.com/r/CombatFootage/comments/1d5n1ft/ronin_group_of_the_65th_mechanized_brigade_repel/,0,,,0,2024-06-02T19:14:27.506525Z
c8e42ba1a95078883f274e646ff67dd6,https://www.reddit.com/r/CombatFootage/comments/1d5mrjh/russian_mtlb_rolls_over_allies_while_trying_to/,0,,,0,2024-06-02T19:14:27.517440Z
773442666367527da9e0d3cf453da632,https://www.reddit.com/r/CombatFootage/comments/1d5mid2/hermes_900_drone_shot_down_over_southern_lebanon/,0,,,0,2024-06-02T19:14:27.523556Z
94efe88b6796e51dfb5d249cb0d175e6,https://www.reddit.com/r/CombatFootage/comments/1d5l6y4/know_of_an_incident_with_more_than_2_view_points/,0,,,0,2024-06-02T19:14:27.532050Z
2b0549ed66fb6eac91fe9f0632ff50cd,https://www.reddit.com/r/CombatFootage/comments/1d5l0x8/2_russians_on_a_atv_survive_a_encounter_with_a/,0,,,0,2024-06-02T19:14:27.538158Z
0c600807b47abaef6a5b787ae3faa86d,https://www.reddit.com/r/CombatFootage/comments/1d5kvi2/ukranian_bradley_breaks_through_2km_into_russian/,0,,,0,2024-06-02T19:14:27.545475Z
a3868b3ab3b6bbc290ba6a90ee22f11d,https://www.reddit.com/r/CombatFootage/comments/1d5km60/russian_tank_suffers_a_catastrophic_cook_off/,0,,,0,2024-06-02T19:14:27.557829Z
a8e098c06b3f86c0f6d50c5db3c5ccf0,https://www.reddit.com/r/CombatFootage/comments/1d5k5ab/the_omega_group_of_the_nsu_targeting_a_russian/,0,,,0,2024-06-02T19:14:27.566415Z
9f7b9df1812fb52ea893646a1cfcc385,https://www.reddit.com/r/CombatFootage/comments/1d5jpg9/russian_drones_hit_ukrainian_vehicles_compilation/,0,,,0,2024-06-02T19:14:27.574116Z
31e0c09f0550cb4f98e727757b1da955,https://www.reddit.com/r/CombatFootage/comments/1d5j456/new_compilation_of_ukrainian_fpv_pilots_attacking/,0,,,0,2024-06-02T19:14:27.586406Z
e15d84eaf9f4c112c8364c56609dee1d,https://www.reddit.com/r/CombatFootage/comments/1d5idja/ukrainian_security_service_drone_operators_shot/,0,,,0,2024-06-02T19:14:27.596492Z
791c9a450cd6e419aa3edb3ad6312de6,https://www.reddit.com/r/CombatFootage/comments/1d5h9sr/trench_predator_video/,0,,,0,2024-06-02T19:14:27.603934Z
64f23553fc430e1c0f224e4da5c0b8e3,https://www.reddit.com/r/CombatFootage/comments/1d5e4u4/clashes_between_sudanese_army_and_rsf/,0,,,0,2024-06-02T19:14:27.612158Z
32a6ad9b776c74b7eb0dd83c744c3a2b,https://www.reddit.com/r/CombatFootage/comments/1d5cmrd/american_newsreel_on_lam_son_719_a_monthlong_arvn/,0,,,0,2024-06-02T19:14:27.624707Z
19418555c89df2ff7008388750495fd7,https://www.reddit.com/r/CombatFootage/comments/1d59ylu/weekly_current_conflicts_other_than_ua/,0,,,0,2024-06-02T19:14:27.632726Z
874b9b7e720de5ee39ee1bb9107c93d7,https://www.reddit.com/r/CombatFootage/comments/1d59jgy/lancet_hits_a_truck_transporting_two_armored/,0,,,0,2024-06-02T19:14:27.640287Z
ff6b04d7ab9e1f7bdfd21d99522368c7,https://www.reddit.com/r/CombatFootage/comments/1d59h62/the_instant_cook_off_of_a_russian_2c19_mstas_self/,0,,,0,2024-06-02T19:14:27.654596Z
8acd79c0e9ee5e9b37c9f40fde601fbe,https://www.reddit.com/r/CombatFootage/comments/1d593my/amx10rc_from_the_1st_battalion_of_the_37th/,0,,,0,2024-06-02T19:14:27.662292Z
c1f47dec97e1d5cb418557ce2c423d96,https://www.reddit.com/r/CombatFootage/comments/1d55wiv/brimstone_missile_being_launched_at_a_russian/,0,,,0,2024-06-02T19:14:27.668841Z
214028d9611aba644263478ce04e4849,https://www.reddit.com/r/CombatFootage/comments/1d55fai/fsa_bgm71_tow_strike_on_an_saa_azp_s60_technical/,0,,,0,2024-06-02T19:14:27.675133Z
8848f7c7e03a7401040b441d758e94a4,https://www.reddit.com/r/CombatFootage/comments/1d53rw8/ukrainian_kamikaze_drone_hits_a_russian_zala/,0,,,0,2024-06-02T19:14:27.688184Z
9465a7ad4583588ffea2b4f68627e13d,https://www.reddit.com/r/CombatFootage/comments/1d5395v/a_ukrainian_drone_in_novorosiysk_rashka/,0,,,0,2024-06-02T19:14:27.695494Z
008f1ef05be6da0e2815495b36a16498,https://www.reddit.com/r/CombatFootage/comments/1d52rys/compilation_of_best_lancet_strikes_in_may_2024_by/,0,,,0,2024-06-02T19:14:27.702476Z
2bc8634e85774d552cd8576a47c2bf0a,https://www.reddit.com/r/CombatFootage/comments/1d5150p/captured_footage_of_a_syrian_zsu234_shilka_using/,0,,,0,2024-06-02T19:14:27.709519Z
22ea50218b94d2a5876bb5e001b6e38b,https://www.reddit.com/r/CombatFootage/comments/1d4yej0/attack_on_russian_positions_and_capture_of_a/,0,,,0,2024-06-02T19:14:27.723055Z
419d383c527c1608da6155403fb4ddd8,https://www.reddit.com/r/CombatFootage/comments/1d4x95r/paratroopers_defending_their_positions_probably/,0,,,0,2024-06-02T19:14:27.730650Z
a441b9e74f94071479564e0b92be5f50,https://www.reddit.com/r/CombatFootage/comments/1d4wflx/russian_tank_with_infantry_on_it_was_destroyed_by/,0,,,0,2024-06-02T19:14:27.736703Z
9e952d25f5db3c7181df8ccf753bc5d5,https://www.reddit.com/r/CombatFootage/comments/1d4v6z2/ukrainian_maxxpro_mrap_under_fire_when_driving/,0,,,0,2024-06-02T19:14:27.744048Z
fb5a319b20f69950126f24de8a419b78,https://www.reddit.com/r/CombatFootage/comments/1d4u0y1/dpsu_pomsta_brigade_destroys_4_cannons_2_cars_2/,0,,,0,2024-06-02T19:14:27.754925Z
a17e171cceec7ccb0456d9a236cdb803,https://www.reddit.com/r/CombatFootage/comments/1d4taqz/88mm_flak_guns_bring_down_a_us_bomber_over_italy/,0,,,0,2024-06-02T19:14:27.762516Z
5f7cf09d3cc7ca7c6bbe8c2c0d0aef25,https://www.reddit.com/r/CombatFootage/comments/1d4r32m/another_russian_t90_is_getting_destroyed_by_a/,0,,,0,2024-06-02T19:14:27.768492Z
6ed62176451d82fade13293d595cd570,https://www.reddit.com/r/CombatFootage/comments/1d4qwjk/russian_drone_destroys_a_hexacopter_by_dropping/,0,,,0,2024-06-02T19:14:27.774965Z
6cabca9c79727770cdf3df95651304b4,https://www.reddit.com/r/CombatFootage/comments/1d4m458/operators_of_the_73rd_sso_maritime_center/,0,,,0,2024-06-02T19:14:27.787931Z
81fb4eee2e035af95163f743744b584d,https://www.reddit.com/r/CombatFootage/comments/1d4hynz/l119_105mm_towed_howitzer_crew_working_against/,0,,,0,2024-06-02T19:14:27.794661Z
4ed6e88967f414e0232f8ceb9e67f164,https://www.reddit.com/r/CombatFootage/comments/1d4gaco/soldiers_of_the_revenge_tactical_group_of_gur/,0,,,0,2024-06-02T19:14:27.801760Z
bc221d6ca6afef358dc774810aab0814,https://www.reddit.com/r/CombatFootage/comments/1d4ef38/alrahman_recoilless_rifle_team_engages_a/,0,,,0,2024-06-02T19:14:27.807947Z
693213326d43603f78e566bc523b448c,https://www.reddit.com/r/CombatFootage/comments/1d4dyzn/ukrainian_drone_of_the_15th_operational_brigade/,0,,,0,2024-06-02T19:14:27.820405Z
9a87751ce0bebcf629f29415be5333eb,https://www.reddit.com/r/CombatFootage/comments/1d4b6lx/indian_soldiers_insas_jams_multiple_times_during/,0,,,0,2024-06-02T19:14:27.827221Z
35847ff2614867d0ba013ddb24fc9044,https://www.reddit.com/r/CombatFootage/comments/1d4a1cl/compilation_of_new_and_archival_clips_of_the_aida/,0,,,0,2024-06-02T19:14:27.834118Z
6ac14c8999f1776d2f7153230d1821e9,https://www.reddit.com/r/CombatFootage/comments/1d49fc2/an_fsa_t72_engaging_is_positions_with_its_coaxial/,0,,,0,2024-06-02T19:14:27.840026Z
c1bbc4bef2136bfde8244cdc084e907d,https://www.reddit.com/r/CombatFootage/comments/1d47t6u/ukranian_fighter_in_a_shooting_battle_near_terny/,0,,,0,2024-06-02T19:14:27.851565Z
052c1248677e08c93f9537bd9f0923a8,https://www.reddit.com/r/CombatFootage/comments/1d47rtu/ukranian_soldiers_clear_a_russian_position_and/,0,,,0,2024-06-02T19:14:27.858808Z
253a6e3df4294ae7d4c3edaaffb1074b,https://www.reddit.com/r/CombatFootage/comments/1d47ixx/operation_of_m777_155mm_howitzer_against_russian/,0,,,0,2024-06-02T19:14:27.866007Z
f8483c9408fbd3cf1b6ca526362bf499,https://www.reddit.com/r/CombatFootage/comments/1d45ic2/us_army_special_forces_in_afghanistan_fighting/,0,,,0,2024-06-02T19:14:27.871809Z
87cf8b17c203d673de3b391c711cdaab,https://www.reddit.com/r/CombatFootage/comments/1d45hdn/sixteenth_marksman_2_of_the_international_defense/,0,,,0,2024-06-02T19:14:27.879258Z
f8673fdb498e318618cbd51b986e6186,https://www.reddit.com/r/CombatFootage/comments/1d45721/urban_fighting_over_the_center_of_vovchansk_may/,0,,,0,2024-06-02T19:14:27.889117Z
94633a899b8ed8fa8e2ceacfb84af035,https://www.reddit.com/r/CombatFootage/comments/1d43jp0/russian_reconnaissance_wingtype_uav_zala_was_hit/,0,,,0,2024-06-02T19:14:27.896509Z
e897a656054881640be28aadfaa8dd67,https://www.reddit.com/r/CombatFootage/comments/1d43g3z/2nd_mountain_assault_battalion_mortar_strikes_on/,0,,,0,2024-06-02T19:14:27.902367Z
8fe100380629e037a3a48f2336d78f9e,https://www.reddit.com/r/CombatFootage/comments/1d42lj0/video_of_several_atacms_being_launched/,0,,,0,2024-06-02T19:14:27.908588Z
b7f5b2139f7943530b80a423a10403d3,https://www.reddit.com/r/CombatFootage/comments/1d42gz0/a_ukrainian_fpv_pilot_destroys_another_russian/,0,,,0,2024-06-02T19:14:27.923092Z
d2b9e306da7bf6ec22d071fb042ce1af,https://www.reddit.com/r/CombatFootage/comments/1d41ris/operation_agreement_italians_sink_hms_sikh/,0,,,0,2024-06-02T19:14:27.930855Z
cafcd239fa382fc6327c3ceadfd81fc9,https://www.reddit.com/r/CombatFootage/comments/1d40mrk/the_russians_assault_themselves_video_from/,0,,,0,2024-06-02T19:14:27.937033Z
dbee19970b41574a6921568913d410bb,https://www.reddit.com/r/CombatFootage/comments/1d40er2/bobr_drone_unit_fpv_strike_on_two_ukrainian/,0,,,0,2024-06-02T19:14:27.944221Z
ed4c16227484980389fe6ea698a1ed4f,https://www.reddit.com/r/CombatFootage/comments/1d40e2u/79_border_guard_detachment_hits_a_water_scooter/,0,,,0,2024-06-02T19:14:27.954295Z
1eebbbaaf9586ec552c9e7c87001eef2,https://www.reddit.com/r/CombatFootage/comments/1d408vr/ukrainian_drone_pilot_of_44_ombr_was_ordered_to/,0,,,0,2024-06-02T19:14:27.961184Z
6c72ed4e4a06bcee88b9e94da074bac9,https://www.reddit.com/r/CombatFootage/comments/1d400dz/ukrainian_soldiers_tried_to_take_down_a_russian/,0,,,0,2024-06-02T19:14:27.967599Z
8ed54bc0216c6f57134f539245543eef,https://www.reddit.com/r/CombatFootage/comments/1d3zf7h/fsa_fighters_come_in_heavy_fighting_and_take/,0,,,0,2024-06-02T19:14:27.974734Z
6242a948e72f9a91193dcf6df48b6340,https://www.reddit.com/r/CombatFootage/comments/1d3yzs3/footage_of_a_ukrainian_e300_enterprise_drone/,0,,,0,2024-06-02T19:14:27.985693Z
042d21b862b927435e1e1fd1891cd941,https://www.reddit.com/r/CombatFootage/comments/1d3ydcx/footage_of_ukrainian_naval_drone_attacks_in_the/,0,,,0,2024-06-02T19:14:27.993322Z
463b17d3df3063610a481dd00380ab35,https://www.reddit.com/r/CombatFootage/comments/1d3v1j4/newsreel_of_the_battle_of_skyline_ridge_a_part_of/,0,,,0,2024-06-02T19:14:28.000944Z
c46749d40ff70f534af86243c751f743,https://www.reddit.com/r/CombatFootage/comments/1d3qa26/russian_fpv_drone_hits_a_ukrainian_usv_in_the/,0,,,0,2024-06-02T19:14:28.009259Z
062851e17d2698993411999cb71ab61c,https://www.reddit.com/r/CombatFootage/comments/1d3lpbh/june_1945_sherman_tank_equipped_with_a/,0,,,0,2024-06-02T19:14:28.021603Z
ab5a3092ff72165b418701284ff5465c,https://www.reddit.com/r/CombatFootage/comments/1d3liac/pfc_morton_fernberg_vineland_nj_an_infantryman/,0,,,0,2024-06-02T19:14:28.029243Z
9e939fdd89f2ec05778025a7b62f9686,https://www.reddit.com/r/CombatFootage/comments/1d3ld9b/ukrainian_kamikaze_drone_destroys_a_russian_bm21/,0,,,0,2024-06-02T19:14:28.035459Z
91d0d65446da0ef110ef3e594ee8dcec,https://www.reddit.com/r/CombatFootage/comments/1d3jqas/fsa_13th_division_bgm71_tow_team_hits_a_syrian/,0,,,0,2024-06-02T19:14:28.042051Z
acbc92103985d692927e3d2e9fb5e0ee,https://www.reddit.com/r/CombatFootage/comments/1d3iuei/houthis_shooting_down_another_mq9_reaper_over/,0,,,0,2024-06-02T19:14:28.055059Z
79cd5118ab87db6c6e6380d7805b7f05,https://www.reddit.com/r/CombatFootage/comments/1d3ii9g/black_hawk_helicopter_from_the_colombian_army_hit/,0,,,0,2024-06-02T19:14:28.063137Z
2ca97d8ba98ae6475c90814c16e3f1b1,https://www.reddit.com/r/CombatFootage/comments/1d3hytf/extended_footage_of_the_missile_attack_on_donetsk/,0,,,0,2024-06-02T19:14:28.070890Z
85851a51c22b0a118394e56808604116,https://www.reddit.com/r/CombatFootage/comments/1d3hlti/shelling_of_donetsk_occupied_at_a_russian_army/,0,,,0,2024-06-02T19:14:28.091647Z
9eff78b17246961af2ecf349af516353,https://www.reddit.com/r/CombatFootage/comments/1d3gkgr/another_russian_t90m_breakthrough_tank_is_getting/,0,,,0,2024-06-02T19:14:28.104116Z
2c42a493a9520594a4d3fc81d9b017ec,https://www.reddit.com/r/CombatFootage/comments/1d3f7j2/kia_commercial_truck_performs_well_as_an_fsa/,0,,,0,2024-06-02T19:14:28.125680Z
8a7f0a680304944a61b8e3bf7bc76cce,https://www.reddit.com/r/CombatFootage/comments/1d3exev/archive_footage_of_the_m1_abrams_working_with_its/,0,,,0,2024-06-02T19:14:28.143373Z
c97a8da77f68b54107344ea2d0ae9035,https://www.reddit.com/r/CombatFootage/comments/1d3e0tk/russian_uav_operators_try_to_ram_a_ukrainian/,0,,,0,2024-06-02T19:14:28.158825Z
31f73ad87450709e16a26ab0d4c13b2f,https://www.reddit.com/r/CombatFootage/comments/1d3drbl/russian_observation_drones_zala_and_orlan10_were/,0,,,0,2024-06-02T19:14:28.166062Z
96f804e646e585e25d310887c0451a28,https://www.reddit.com/r/CombatFootage/comments/1d3dcku/daily_work_of_the_vampire_drone_team_near/,0,,,0,2024-06-02T19:14:28.171990Z
ced402123b44aadbc70ed34f39e1d116,https://www.reddit.com/r/CombatFootage/comments/1d3998s/m1a1_abrams_c65_class_vi_please_of_164ar_knocked/,0,,,0,2024-06-02T19:14:28.182992Z
5013a2a5f5ec25c2ab71496aebc99dfd,https://www.reddit.com/r/CombatFootage/comments/1d398tp/the_eyes_of_retribution_unit_59_ompbr_uses_drones/,0,,,0,2024-06-02T19:14:28.188697Z
eb5945bc7054f96ae5874d7954fcd0c6,https://www.reddit.com/r/CombatFootage/comments/1d38zi7/fpv_drones_of_bobr_drone_unit_sruck_camouflaged/,0,,,0,2024-06-02T19:14:28.196623Z
1f77c056524bc96bc4d33e56e212c0a2,https://www.reddit.com/r/CombatFootage/comments/1d38rsg/brief_pov_footage_of_the_event_where_a_bradley/,0,,,0,2024-06-02T19:14:28.204153Z
7d2de16cb6f6d8f23ce0cf857c84a1e8,https://www.reddit.com/r/CombatFootage/comments/1d38l01/idf_eliminates_rpgarmed_militant/,0,,,0,2024-06-02T19:14:28.212014Z
759e13933c7455ffb58ff68667e453cc,https://www.reddit.com/r/CombatFootage/comments/1d385q9/two_btr82a_ifvs_were_burned_using_kamikaze_drones/,0,,,0,2024-06-02T19:14:28.222323Z
e5e0de90656675362a4e409991fff289,https://www.reddit.com/r/CombatFootage/comments/1d37g3i/russians_hiding_in_a_house_get_hit_by_a_powerful/,0,,,0,2024-06-02T19:14:28.230162Z
637ff622171632e4fb038e150a38edf8,https://www.reddit.com/r/CombatFootage/comments/1d37f3z/iraqi_soldiers_catastrophically_blow_up_a_isis/,0,,,0,2024-06-02T19:14:28.236264Z
52bf17b357a7707b424f756642aa5db3,https://www.reddit.com/r/CombatFootage/comments/1d370w7/ukrainian_kamikaze_fpv_drone_destroys_four/,0,,,0,2024-06-02T19:14:28.243712Z
c076f07ab6e884cea1ee2fd3a2d96c59,https://www.reddit.com/r/CombatFootage/comments/1d34w6p/sudanese_soldiers_film_urban_warfare_against_rsf/,0,,,0,2024-06-02T19:14:28.254075Z
5911cbba421d31dbe17947d6426b6e21,https://www.reddit.com/r/CombatFootage/comments/1d33mzy/pkk_releasing_footage_claiming_to_have_shot_down/,0,,,0,2024-06-02T19:14:28.261605Z
981cadacb1b6b456084161cc91ceda12,https://www.reddit.com/r/CombatFootage/comments/1d33g4n/15_and_28cm_nebelwerfer_41_rocket_batteries_in/,0,,,0,2024-06-02T19:14:28.269018Z
537c9a5e98b138fd65d89dfcb692d348,https://www.reddit.com/r/CombatFootage/comments/1d32oke/rare_footage_of_the_battle_of_luang_namtha_in/,0,,,0,2024-06-02T19:14:28.275933Z
b6be4cd1bf1128599fab7a226ef0a4c5,https://www.reddit.com/r/CombatFootage/comments/1d30x6w/a_russian_tank_and_a_bmp_during_an_attack_turn/,0,,,0,2024-06-02T19:14:28.287024Z
8bf76746508b7c1639db7ed6e4e08ad5,https://www.reddit.com/r/CombatFootage/comments/1d2wgm6/opposition_9k115_metism_team_strike_on_an_saa/,0,,,0,2024-06-02T19:14:28.294292Z
bfd8a65c084289d14c89461380fd623c,https://www.reddit.com/r/CombatFootage/comments/1d2t0ob/fsa_fighter_engaging_syrian_army_positions_with/,0,,,0,2024-06-02T19:14:28.305678Z
97ac92b3e4e0ba415fbd5e0f5b8beac1,https://www.reddit.com/r/CombatFootage/comments/1d2sr1z/a_pair_of_su24_tactical_bombers_launching_kh25/,0,,,0,2024-06-02T19:14:28.320338Z
ede8b04fb0c03e9a5a6a535783b90935,https://www.reddit.com/r/CombatFootage/comments/1d2riet/iron_dome_seaskimming_drone_interception_eilat/,0,,,0,2024-06-02T19:14:28.327337Z
0eda6d2e6d1648aa7ac47e337ca5fca5,https://www.reddit.com/r/CombatFootage/comments/1d2r0mp/ags17_operator_from_the_tactical_group_athena/,0,,,0,2024-06-02T19:14:28.340179Z
302137a74ff59cb180b6e2eaabaceaa2,https://www.reddit.com/r/CombatFootage/comments/1d2qynw/after_a_ukrainian_drone_attack_on_two_russian/,0,,,0,2024-06-02T19:14:28.354094Z
0254cba3d2606a45587a7f87fcf2429e,https://www.reddit.com/r/CombatFootage/comments/1d2nzo7/evacuation_of_a_wounded_soldier_in_an_suv_under/,0,,,0,2024-06-02T19:14:28.361650Z
cd3662551ede9cd71780e8bc1cf16c9e,https://www.reddit.com/r/CombatFootage/comments/1d2lvmv/luftwaffe_bf_109s_in_action_against_the_desert/,0,,,0,2024-06-02T19:14:28.378918Z
570f61ca0c76b8df73b09e3591bcdd4f,https://www.reddit.com/r/CombatFootage/comments/1d2js6v/as90_155mm_selfpropelled_howitzer_crew_working/,0,,,0,2024-06-02T19:14:28.410067Z
8e602df12f7da86f8ee6c3a79879cc4d,https://www.reddit.com/r/CombatFootage/comments/1d2j0ek/us_army_m1a1_abrams_absorbs_rpg29_hit_april_7/,0,,,0,2024-06-02T19:14:28.428775Z
f782fc749c6a7b89b6b54af85a08493d,https://www.reddit.com/r/CombatFootage/comments/1d2h1hm/47th_mechanized_brigade_pokhrovsky_direction/,0,,,0,2024-06-02T19:14:28.441963Z
e71f8b5eb87fc3601f4dcd7f0d4ffe7e,https://www.reddit.com/r/CombatFootage/comments/1d2gh6a/archival_footage_of_the_work_of_sof_unit_mich/,0,,,0,2024-06-02T19:14:28.454909Z
c2a4baaea77a20bbfb2744dfde3680b6,https://www.reddit.com/r/CombatFootage/comments/1d2ei1d/a_lone_russian_ifv_is_running_over_a_raams_mine/,0,,,0,2024-06-02T19:14:28.520727Z
9b72fd98660c835be9a19d72628ccc85,https://www.reddit.com/r/CombatFootage/comments/1d2e2b2/an_rsf_soldier_is_sniped_while_filming_a_video/,0,,,0,2024-06-02T19:14:28.529754Z
580bff98a8d747ae9b4ebae8263c2670,https://www.reddit.com/r/CombatFootage/comments/1d2dbta/combat_operations_of_perun_group_in_ukraine/,0,,,0,2024-06-02T19:14:28.555212Z
